feature_1,feature_2,feature_3,feature_4,class
3.482726018621584,2.1477064120482807,7.172081499124375,2.6171276372062025,2
3.142134740288888,6.272827993043197,4.374634390977082,3.64645655615235,0
2.506564322197251,3.9066529999228385,5.794826493158575,4.745832121380628,2
2.3352145514493694,5.779111269651123,2.135653213504224,3.4439639382110045,0
5.410962766354956,2.3102009993308417,3.9563849312505766,1.556204495599395,1
2.6954965437263123,4.044568263520287,4.229217999797129,1.2565415994155897,2
2.942615345472361,5.254547431882988,5.753005021115919,2.3070675601041217,1
5.088234408609057,5.545610370146221,6.554273196459285,1.8532504654632058,0
3.2050443574637977,4.869143686510511,4.465581071856501,2.9485440220517094,0
4.137958552801763,1.2545395890617508,3.0162115672817427,3.4732962054168106,2
5.151749398272233,3.1985480416324243,3.9588549413818805,3.9145719841960025,1
2.9927994772447044,4.8096951038394,6.570298407101099,3.519090866229189,1
2.398469314119405,1.000664589104605,3.781616242524761,2.6476032437858303,2
0.9595508837928638,4.036073645466443,3.9380599379436805,3.9125830528961707,0
4.591074708877153,0.8638404732051693,4.020528354474734,4.388257664538289,1
1.0023984319708275,4.175900925424616,5.055309191365991,2.674620326976307,2
6.5329224955438185,7.149486540437016,7.562830331468743,3.418176132428974,0
7.481064339659081,7.4387326985243645,8.088411395770063,3.7288954554092686,0
4.661644576115677,3.7693328378833804,3.793527728391903,1.8999802912984876,1
1.9110351145898354,1.708880826328762,4.202032551337531,2.6469976738752607,2
1.2990181139820551,6.472704801553382,8.441608447254458,1.9946353682987739,1
3.9008435981243417,3.9156966921534373,3.9012925158491654,2.933662250294167,1
3.346549239316156,5.015114027469875,4.988517972372391,3.1243597931044786,0
3.606935808777957,2.4818980873986463,6.322090323405236,4.673956192270129,2
3.3093391554942126,5.447245498706523,4.690655568359888,1.1067146472481584,0
3.8621078513538047,4.840409818175308,5.173338299598283,4.680183069651558,1
3.108646223432324,4.994133348929212,4.0965367007833935,2.7550193203373596,0
4.065834984412836,5.042205182984757,3.81092463237901,4.638270538330058,1
2.213148742081664,5.369244207338551,1.6294092163089307,3.02314121718822,0
2.735274581423423,2.71427027800213,3.972713091697474,3.648578256607109,2
3.988663338242331,2.667572788489284,5.10986904919925,2.7926750180913276,2
3.436562621622605,3.5045004818760224,5.718981876320609,2.866434678460263,2
2.3223514140954187,6.2269759319008005,2.014583517087265,1.7447159540032453,0
4.426948319370239,5.869369353148858,3.847341921412317,2.8461997911611627,1
5.2735886249682675,4.329094285814518,3.0368622127465215,2.970701307202244,2
2.489155239779979,5.720472550897563,6.852425506012129,1.7704897151913481,1
3.2265132965553724,4.656837566019686,5.059333584097716,2.906519683906463,0
3.9477000792278365,4.170512345452493,6.689806806534051,2.304347308312445,0
5.3626530377991735,5.889504131345131,6.694794508668495,1.8499099851750014,0
3.9870169057244986,2.3819038175071285,5.4446333327975225,4.243997450867423,2
2.6572044949819493,6.120380537163202,2.829052489048659,3.239594827516381,0
3.1460937725474394,4.265528572096845,4.661863259218549,2.9079733298424344,2
2.869273588461017,5.546592014202431,3.596452651598244,2.31986307613442,0
0.34223352980307664,7.326363803844864,9.620242790147802,4.7237985482944005,1
4.411893875782015,3.7759507791803615,3.9097672020575462,2.3493186004881155,1
1.5033067569601597,7.036952178435922,7.158846924948382,2.675908069999369,1
3.333303957721823,3.440592097731763,5.302671196518709,3.1214798808415964,2
7.173935491045537,4.883787148667201,5.233804404436571,4.609966647252336,0
2.1470812009889535,5.4733151422024635,1.771078250979084,2.956097427549346,0
1.1582142869075538,3.839300709172852,3.564949996324183,1.9428398150200332,0
2.11764411217541,5.820141296653508,7.504014373994375,3.2207071967536613,1
3.1104993421578615,4.793532475266329,5.816318990460101,1.5318804979838692,1
2.966848546699321,3.840331323693973,4.013359251299167,2.957746908692982,2
4.305199909128687,4.495426569748635,4.879651308555084,4.045808093513024,1
5.005902600429427,3.3830253962642463,3.946261076685944,2.671423994685067,1
3.514212192901906,4.319699677900738,5.009435182018129,3.637098239460699,1
3.4801996677342535,4.908000974019194,5.509745889835313,3.3389807245713934,0
2.876666709770342,2.084934646499622,3.7148087295447207,2.633814436790557,2
3.080013613921651,5.628486031157532,5.037271663507064,2.3142711301958907,1
5.448551618987513,5.274471381358231,4.005279084221272,3.5601644982460487,1
4.459104585373462,4.511399177086812,4.9921908258186045,3.2988908434327224,0
3.79503713261606,5.17183787463205,5.792039735178524,4.797195811104505,0
2.9728133138965114,2.483907583589365,7.517921906297364,1.7523921428024043,2
3.249286364119491,5.263395800487812,3.6874203755343293,3.011834425775157,1
4.875848916541685,3.8626696324326972,3.09524847918677,3.9925221976408296,2
2.8492355468061024,5.258533123126449,3.629879331209436,2.3436313988912985,0
4.506088446484141,3.5536342911396774,3.920300457534054,2.007664271042772,1
2.1610435317973997,5.546869278496576,7.316954450050648,3.3954785007989687,1
3.6730269017379302,3.449638154028292,5.635892953772278,3.960134494988599,2
5.558859662500418,5.682098927623741,5.6106589317218365,4.101781311151672,0
2.100763828772438,5.178892336679311,1.8204621384449506,3.3483107747079863,0
1.4820093274512343,6.578021253070791,9.213026874083432,4.395610814779691,1
5.066993769573067,3.533623833489733,4.2399514817760835,0.1,0
5.359209345147449,2.4512776335680266,3.4209013969779867,2.7013056999016616,2
3.6228743863063255,3.6600778575456987,5.817622833601946,3.421712939978654,0
2.1382826843226495,4.036949912169861,3.9999480980674895,4.183285683754069,0
4.895910619650974,5.555975757705634,5.287930857302303,2.932117031600697,0
3.783399873970034,4.547728743841861,5.8947575191510495,3.4530085973474733,0
2.9487320515782387,4.963273685353403,6.149048165706276,3.6434513178964303,1
1.8221779013199955,5.82218693910126,7.659825090091416,3.6314271798756588,1
1.9501046565562996,4.341039218394774,4.7214589310144675,3.0730772692539445,2
2.594155093224875,5.031122148978827,3.129964478274448,3.705259135782202,0
2.5705913729614758,6.039902620161441,2.8815213102458475,2.8970795144143064,0
7.807883024584319,6.108801250274672,7.7045793012140384,3.361216380659915,0
5.059473433429366,2.132292717552892,4.971060447929156,3.565238457378965,2
3.1527853660622394,3.7382122105025832,4.513225651319102,5.399670963431964,0
2.4215231086414506,5.34996517625101,6.832940214893284,3.8914485982214218,1
3.8797071116591537,3.2448054610546713,3.4874169714817858,2.324632010255638,2
3.1787664893833067,2.3405528441760137,7.107762370510447,3.306076088420717,2
3.509858627317516,5.456132294483188,5.47880795984955,3.566022658425893,0
6.885313923759864,0.5125491048091882,4.037063682001629,1.3508566312367976,1
1.1501499545908187,3.202862223640392,4.7882995459294335,3.879915315680362,2
5.780571265813159,4.873243650550202,6.109302007377197,4.9102867320604755,0
6.484281389996415,2.733646815231506,4.310597473609528,2.771622228196665,1
3.5714234272449112,4.341109712162822,5.257683805654967,2.992652839103121,0
2.594784639124544,1.024649636493753,3.674706545078929,1.7015739024727836,2
3.45916272155834,4.958145609646481,5.4099669219043935,1.5654802760756412,0
2.087299072420117,5.781382541856534,7.588744381219792,4.0433536808058435,1
3.858777997257227,4.54004421208902,5.806053373924668,2.372486417497884,0
3.4808403457516204,3.188652296121528,5.501248417275637,3.630032259125788,2
6.026820306185186,5.066922572111229,5.916810081271963,4.046909774201301,0
3.4486945020421063,3.3888276455724267,4.362390692744164,3.3176125936439624,0
4.005198252053864,4.330625432705815,2.96339217532014,2.394887734242476,2
3.545159251771033,3.4123815593415268,3.803101155404063,3.9370265661819053,1
2.4563932530396237,3.437932015462716,6.585371702021756,1.5936501063939958,2
5.161634264131354,2.2445399760720224,4.082803747145358,2.1492940298753616,1
1.916907585354406,5.839729023053398,7.603572609632122,2.4610201666331215,1
4.377975001041137,4.168576214161621,4.390377058731046,4.18572586711833,0
3.442376612285242,5.01050803542775,4.846176610843616,2.5500719449789098,0
4.302690401455388,2.719344393497353,4.046545534156957,4.006072467536323,1
4.192936361416437,5.586725535547565,5.48154730308759,3.5936554480435476,0
5.2936960167767655,1.6700460492429126,5.154220437719781,4.635372183637756,2
3.5102122376615843,5.636195315233511,4.677904555121687,3.0342588563618897,1
1.560977797964652,6.589928416765307,7.65784827762689,2.738878840770344,1
4.2886859385817075,4.656436898825458,3.947914730057986,2.242290789327013,1
6.434198497027429,4.873702991875675,5.911567298790662,3.197354424908657,0
2.9471000386145465,4.410643439007088,7.202221569918274,1.9734628129952838,1
5.380056028831344,4.852119199934302,5.309552727642895,2.8055729774303426,0
3.3940352529614954,5.003832621628378,5.417852331412618,3.8663231088824435,0
1.8104699823854258,4.571152606636711,7.326513435879934,3.609773350924106,1
6.756346084999636,7.466963837389916,7.487635253642145,3.9603425464820465,0
2.67527111869286,2.398241644554025,3.1623496442757473,3.634985600222874,0
1.6454615901882796,4.265155633690002,4.78179238783781,2.5681402172277767,2
3.477296260780459,2.6727021117147802,3.5838398226429615,2.502498795032377,2
4.777045991504057,2.934247702233622,3.914528556683712,3.176149529347168,1
3.586177781870533,4.054335608643829,6.205091668111017,1.412352554707966,0
3.0381873068036227,4.335544298423553,4.730199363141738,2.976617579267008,2
5.918082220950482,4.022042126857485,3.9909290358530796,0.8428652645899745,1
3.0058433087678087,1.6230027788273387,3.5660538228309977,3.342759259924405,2
4.31292555405258,2.1162588305852403,5.9181930018697315,3.8911797551381304,2
5.084928643621688,4.779983384096098,3.162547454473036,2.528554176881798,2
1.0436939891138186,4.829923899771145,5.186121977530126,5.07300336175453,2
2.5299385166804127,5.72678162901068,2.36184665056178,2.9506693618381914,0
2.9835460759437127,4.82941795515344,4.429311377275489,3.1927765478951593,0
5.489826714417223,2.3189312002696636,4.221108193797442,5.436007784532961,1
1.8838982382752079,4.1561836382860164,5.739294487519859,4.360395808167533,2
6.8361087149593605,5.461259507589868,7.569068668455323,0.9980546936615816,0
5.00084420448518,5.210924334153354,5.38805886571447,2.7520987429030406,0
3.566355591515849,2.443962499273602,4.046776490064744,2.308105033015966,1
4.231187891244145,5.627097671971006,2.9900498615515847,4.732219181358938,1
2.6576873215964403,6.751157308257312,3.008579253879381,1.8378906890011466,0
3.428221302704048,2.9303035539259885,6.678132452769193,3.5487453326108374,2
5.164578700025297,4.462203342664254,5.257413963760492,3.723884921830669,0
3.5544699819920647,4.842434080265507,5.08403178644156,2.6986918748336977,0
2.0699747989523374,6.212777916988751,7.251410033646218,2.4225553742551105,1
4.570720568914924,4.733913210673198,5.7993206333643705,1.768647563056697,0
1.8443077235558603,2.338260057408819,4.352408146419297,0.14771275756361382,2
3.0426668288656393,2.9752015991717022,5.6181107594522945,3.0368470693975715,2
4.052901232065642,3.6235385227692163,3.448012119974313,1.4396734795339383,2
3.301090715419924,2.81492564481198,6.401094683672174,4.624652001322227,2
3.1503202068847114,2.8582742570833033,3.7535835495207333,1.41986322120944,2
5.8091715899279555,4.228010169827268,3.8984663108678097,2.8979157513989393,1
5.506042522486204,6.485598088964033,7.28456326652585,3.07489056850978,0
2.5015851935100915,6.220751986551724,2.165368165996387,0.5723760515647326,0
3.2324412131167453,3.4026798880221043,5.326519814078879,5.206778379785041,2
4.382307761540055,4.590004385147358,3.3086760278081715,3.4325790478677214,1
2.782704246427246,6.108338967208393,3.003568982113457,3.8368989271824137,0
2.5203061676254515,5.120180228900692,5.553645548389912,1.9563494510681585,0
3.2166285554979672,3.285659449519468,3.7274494917632066,4.3763467323411405,2
4.586208198008446,1.1566209855062954,3.9262803731445284,1.662229883275485,1
3.2261303056674975,3.861802602203927,5.208748453095197,2.029279235064476,0
3.260484805329973,4.200762796202908,4.554314389119291,3.491937266166294,0
5.407032733517136,3.0214895115853175,3.917421793727248,3.1004564821455656,1
5.08319681834143,0.40126881132150183,3.6914548607939777,3.9780208651852837,1
4.134603233714426,2.844651936117834,5.2241378163901535,3.2201695122583507,2
2.438290815659937,3.6743142959348356,4.339424956846525,2.949334799314505,2
3.801438947490511,6.060896930772132,6.605004910111781,4.104438194931205,0
2.7525712044388686,5.680000624178758,3.752969624606426,3.7820555368445214,0
4.258128932725352,4.05955579501461,3.4769558611153975,4.157082165572208,2
4.509464521998218,3.281682874635628,3.58752793402204,2.0137679846553795,1
2.1655538294293737,4.437404351901981,4.405536204486154,4.371962191505308,0
1.9294798801635933,4.098291137774216,6.836612213362033,2.849253376565201,2
3.693302408307607,6.007168790119118,4.092146038550573,1.303298563998304,1
3.4194547846785075,4.43520774833174,5.00450908824092,1.4707302072689505,0
1.4194661557862993,6.025197988815032,7.717121739853829,3.1941661616563373,1
4.323364160492763,3.4186663821881957,3.3307773761294555,2.9246541187796256,2
4.574229021730356,3.7590644185582245,4.053351334973543,2.027910923330054,1
4.973280498334582,4.56913884068127,5.912325152285005,3.609029283256259,0
1.9664028182419133,5.611300952072722,7.418049011550963,3.389740763615439,1
1.5668445477327668,6.903135530685785,7.839852517979782,2.513068915894315,1
5.231630489768645,4.287032326571314,3.522022772172046,4.590760441418661,1
1.5549657722985897,3.7142500548787973,7.3189330508593295,3.2752495404174913,2
3.666589365208609,5.665720366921351,5.729925804640786,3.8736176687693606,0
2.2410858421529287,5.8326115327594765,2.3204907352291433,2.5439490589446128,0
5.97444980742252,5.480872936541312,6.651848480121924,3.213688251373412,0
5.373742703092557,2.3295962537695396,4.247938101801971,3.101630884339649,1
1.873500683646267,6.797487527919781,6.665841203874475,2.7490779956730926,1
5.485860405405427,3.445608127716307,4.110962570522288,1.4257547745705124,1
2.8345757352990466,4.728129205767785,6.168908663891193,2.9719007859327067,1
1.6326440378960339,4.212278650563499,7.028111992022935,3.5395534072300774,2
4.336810728369097,2.7706204402347594,4.994737748717181,3.1185528812259733,2
3.2340712365972215,3.5441631268318177,5.340171915193551,2.294263690386934,2
1.6312201444810128,4.914796194585266,4.819329388311349,4.472795727919585,2
3.464121043660486,2.9659617182538143,5.902238099732061,3.0451154485193936,2
2.6695773243382033,5.86892457630748,3.0113376352443946,0.9545205097693986,0
2.310537312552768,3.7790147480306966,4.274449834550797,3.846477120307182,2
2.2591557970488796,5.916004118762066,7.191258800709154,3.0558857481138637,1
1.5744258635408586,6.894877860672914,9.601553263269846,4.313649443828014,1
1.0755775732978363,3.2251854219495515,4.817842429373245,3.426297025384759,2
4.160925278704818,2.611598468433878,5.683927326470182,2.442667136485695,2
3.2786034567238738,3.8499883074124024,3.798598018425984,4.497015168828,2
2.414825748807431,2.848560147829653,4.066801125979601,2.8236280782528698,2
3.799056807647105,3.708152893322985,4.7350848912845525,2.438763593185856,0
0.1,4.000380858339616,5.439005534811732,1.8765854835675455,2
3.8010136230159133,5.009446199115074,3.73312391238726,3.4204213245956057,1
3.323697334875606,2.0975661370576817,8.100832252122297,2.1925808102239586,2
5.727429457249361,2.9468397231514767,4.2746549782427685,1.673165584786191,1
5.6999524226582725,3.7118912881038573,2.734934562132155,3.378190830425243,2
5.206097955828249,3.6462553861574585,4.04136520857505,0.49684966332011615,1
1.8545128090837881,3.9788014548375137,4.639529115858799,2.799905529108711,2
2.8627513347408495,3.964709646640051,5.413422486318735,2.333354460642741,2
5.629980131604166,5.058856589715614,6.362456331256536,3.6974281205045876,0
2.352452073594288,4.0036723553922995,4.507981649455434,4.0265388322255316,2
5.9317761208877275,4.115430963344562,5.28816909979404,5.084630082974416,0
3.2915968763350167,5.758104424636657,4.626890026098581,4.49965367996084,0
3.790562102568862,3.989525316350457,3.6500960806562293,2.6256410461075834,2
3.5070968384142502,3.8867857631916025,4.388572992728685,2.303350180397782,2
5.32967346206976,3.3275069140828903,3.8953685599836523,2.8231835539098196,1
3.7319600143837004,5.012078173459774,5.77984239629879,2.7752912043640254,0
4.749751744602026,3.4637890307719026,4.041746140776523,5.287197950784431,1
2.280418658276585,3.6789496696173063,6.010513446130556,2.160908324933932,2
3.250084125557468,2.1269147980362537,3.540033880550585,4.168984397453054,2
4.577783565566252,2.7798690332524956,3.8804946018815465,3.546307477218241,1
2.685610586801985,3.4461704727524296,4.094659254172163,3.235044537220203,2
3.49291452978565,4.03682352815005,3.6430493490561995,4.380528196704207,1
5.508189855670323,3.748152201207237,3.8859424979014565,1.8926660609779185,1
3.5368818857429716,3.476032449441695,3.6625352581924937,2.445950224348269,2
4.058899081655666,4.920056095258096,4.821806081144565,4.629686910494785,0
3.2089164082671915,4.087833308260279,7.206963569031188,4.570242141483722,1
5.508686210240979,3.6058339987945005,4.010696150855001,3.849670936973997,1
3.628259031067325,4.280162735417509,5.606402181546963,3.1466742833372656,0
5.237023693398719,5.3992091707125285,7.172245935802669,2.938636581160104,0
3.0556044514344336,4.671869996591129,4.428932331885057,3.6389781380612334,0
5.708582135527866,4.8868984411527014,4.692586232543055,3.4497896797076693,0
1.9638231609426597,6.016961083103812,7.605251586009286,2.5373711153247496,1
3.371058645717222,2.474026330102189,6.4538901297284355,3.3160373123362263,2
2.370335746953129,2.980818130431459,4.207107410179609,3.539855532788122,2
3.0220617563546344,2.5807742606008843,7.504156584581127,2.3227647539498206,2
2.2500298322734715,6.674008799830672,6.5633280776342815,3.568838159549848,1
2.3539847781567325,5.711630211953376,2.2258240626728036,2.3152037207188085,0
3.3915274182581157,5.3828849326774515,4.9220858723406975,2.512369544139368,1
1.8917260744388509,3.1971811753200168,4.445460720360329,2.37069267668416,2
5.551965866942691,4.4970450323433395,6.03882471727239,3.048201264000989,0
3.1271246732512545,2.331091415406543,3.7387011441357663,2.9590331416838476,2
2.327638148666703,4.3271407367486265,5.311457193842353,3.0400668501727988,2
3.5240051136079993,4.316079685991636,3.8486738515277525,3.3920589116310986,2
2.303690192086146,5.708755009852496,7.274530110166489,3.694478691807279,1
2.853855246317488,5.450824341220129,3.7832207695087434,3.2046381861412416,0
5.1073986598125,1.9037693955967634,4.343287614316592,1.40326164466202,2
2.4854728096937837,5.398346940293494,6.044564440948265,3.920889061106458,1
3.082058390143302,2.109550731751471,7.673640828855797,2.277848112624492,2
7.187434727890673,8.84189183371632,8.914021782837375,3.9942654880533417,0
4.526435217740108,5.324714929606607,3.5336428399451294,2.7372132323729863,2
1.756475439432137,6.099730596648104,8.443802881413696,5.138525736805553,1
4.017974668560943,5.28570629864081,5.752431553512924,3.342743854091682,0
1.8628115869384856,4.8774379497805755,5.145991517043359,2.8566657500385157,0
2.728049305387055,4.376312286456074,5.241346675504373,5.141404505967078,2
2.721439869076093,4.230769720972875,5.247873160048441,3.4367301161540884,2
3.002205773623543,5.687615495676119,6.843751174899356,4.793941905043211,1
1.961179034301428,3.9524041406399033,6.3311343606379324,2.810967719315981,2
5.196291492187459,4.276417614788732,3.9346281956092617,3.7551839679804546,1
4.407715912493348,4.666883357202691,3.56336791597314,5.248691183537998,1
3.0717887863841553,5.582022359656579,4.019693699965125,4.842892374241355,0
4.13020255255747,2.371824327676419,5.55230442018743,5.5759647158480075,2
4.568924145574449,3.3472690713923576,3.9878717559992984,1.6066829114300933,1
3.293047146676771,5.397740167188627,4.023683060986143,1.9261706118675368,0
3.187601801141214,4.830726376771583,6.228394218731552,5.071516250818954,1
3.5402992901753323,2.59498909266576,3.5623268892880042,3.767954088842034,2
3.237276312026409,2.7499242131347588,6.727089179441919,1.8086569591641766,2
2.609730805909901,5.657316265368824,6.5611340563399505,2.4250763884108926,1
7.062740905089234,4.251449195359126,5.583193205125965,3.3250177884971697,0
3.148404935430645,3.7683460256664856,4.56376225559235,2.5668498370684363,2
2.7467900470140703,4.764332026183245,3.3012307017117153,3.756670034337987,0
4.964564853512063,0.1,3.945397880975828,3.1218318316652316,1
6.0343828992601605,2.267018393526196,3.9452489466313176,3.277446802163065,1
5.474767220726648,5.551831111644143,6.258572146479547,2.915538798085107,0
4.591428744290384,4.447702325674875,4.0849492922388535,3.591009719858975,1
1.686510864348278,7.415653041484555,0.1,4.436372593643162,0
1.511573515287683,3.8609187301408685,6.958382703251255,1.6264523986146115,2
3.219895639361965,2.133546689717918,8.166704915455357,3.4100544756451874,2
2.0626337586649908,3.6688781750619675,4.505193325903625,3.4902855644764283,2
2.206103905928597,1.648897791450636,4.025073098704017,1.7132631540051197,2
2.3812204937123767,4.353973848377152,3.8040692528178908,2.2419795281743315,0
3.2033588185298334,2.1980602056552954,3.5927261853706685,4.074936211624984,2
5.099673487519447,0.7610794241385513,4.026055777440629,2.3572936305041874,1
2.7511140468948168,6.2476155524792425,6.499181918483247,3.193854982886089,1
6.623777252629612,1.9571181024375268,4.1921714503311724,4.018825810203329,1
5.487015520176289,2.1556329717337444,3.9866843613384155,2.006627241623352,1
3.9208904323551192,4.42517488211774,4.278987825008528,2.344837374579241,1
2.669592431110454,5.149789575126987,2.7435360235095305,4.32540790832612,0
2.7826960431342784,2.7869809436735236,3.9687691515626504,4.145021078565792,2
2.658739574299704,5.5682040185879975,2.626994377163824,4.113551209781816,0
4.677134028208698,5.578173702929719,4.075771206414267,2.004863028737382,1
3.4781046318617848,5.621193180843093,4.6547446899433655,4.440019982266948,0
1.91656931328929,5.8799922618374465,7.839376344383355,2.7151550853077344,1
1.8522448637540405,5.530201164534818,8.160107674169215,1.3276713043161,1
4.861959260962751,0.8595365614940781,4.056491824181494,2.715580301326915,1
3.722707968418646,5.097255155711659,4.426903042397026,3.1162867049119507,1
2.69923563994815,5.356878941699924,3.350441414039659,2.9141041998011206,0
2.761984166686784,4.039186328188624,4.170464444819311,3.2569291440175965,2
