Supplier_ID,Order_Date,Shipping_Date,Expected_Delivery_Date,Product_Code,Product_Name,Per_Unit_Cost,Quantity,Total_Cost
SUP1,2025-03-24,2025-03-30,2025-03-31,P001,Inverters,38.49,85,3271.65
SUP1,2025-04-22,2025-04-28,2025-05-04,P003,Onboard Chargers,113.46,142,16111.32
SUP1,2025-07-22,2025-07-29,2025-07-30,P003,Onboard Chargers,119.66,140,16752.4
SUP1,2024-10-04,2024-10-08,2024-10-18,P005,Struts,349.0,184,64216.0
SUP1,2024-10-19,2024-11-02,2024-11-08,P005,Struts,372.14,48,17862.72
SUP2,2024-09-28,2024-10-09,2024-10-10,P003,Onboard Chargers,118.77,190,22566.3
SUP2,2025-01-28,2025-02-11,2025-02-17,P002,Converters,51.08,123,6282.84
SUP3,2024-12-30,2025-01-13,2025-01-23,P002,Converters,47.53,158,
SUP2,2024-08-29,2024-09-12,2024-09-20,P005,Struts,341.33,129,44031.57
SUP2,2025-03-12,2025-03-27,2025-03-29,P002,Converters,57.86,105,6075.3
SUP2,2025-05-28,2025-06-05,2025-06-07,P005,Struts,367.6,108,39700.8
SUP2,2024-12-01,2024-12-08,2024-12-12,P004,Shock Absorbers,171.75,178,30571.5
SUP2,2024-08-28,2024-09-06,2024-09-09,P003,Onboard Chargers,110.66,164,18148.24
SUP1,2024-09-15,2024-09-22,2024-09-26,P003,Onboard Chargers,119.45,26,3105.7
SUP1,2025-05-29,2025-06-01,2025-06-08,P005,Struts,345.55,55,19005.25
SUP2,2025-03-22,2025-03-25,2025-03-26,P002,Converters,,113,5685.03
SUP1,2025-04-06,2025-04-21,2025-04-27,P002,Converters,58.1,181,10516.1
SUP3,2025-07-02,2025-07-10,2025-07-13,P005,Struts,346.84,157,54453.88
SUP3,2025-07-02,2025-07-10,2025-07-13,P005,Struts,346.84,157,54453.88
SUP3,2025-02-17,2025-02-22,2025-03-04,P004,Shock Absorbers,160.58,39,6262.62
SUP1,2025-05-31,2025-06-04,2025-06-11,P001,Inverters,38.33,133,5097.89
SUP2,2025-06-22,2025-06-30,2025-07-10,P001,Inverters,49.35,36,1776.6
SUP3,2025-07-20,2025-08-04,2025-08-06,P003,Onboard Chargers,108.2,113,12226.6
SUP2,2024-09-26,2024-10-02,2024-10-04,P002,Converters,52.88,167,8830.96
SUP3,2024-12-28,2024-12-30,2025-01-03,P003,Onboard Chargers,110.11,77,
SUP1,2025-03-22,2025-03-26,2025-03-27,P003,Onboard Chargers,114.59,59,6760.81
SUP1,2024-08-11,2024-08-23,2024-08-26,P001,Inverters,44.91,161,7230.51
SUP1,2025-03-29,2025-04-09,2025-04-18,P002,Converters,43.9,99,
SUP1,2024-11-23,2024-11-27,2024-12-04,P001,Inverters,40.67,141,5734.47
SUP1,2025-03-17,2025-04-01,2025-04-08,P001,Inverters,48.52,143,6938.36
SUP3,2024-10-20,2024-10-26,2024-10-30,P005,Struts,382.95,61,23359.95
SUP3,2025-01-16,2025-01-22,2025-01-24,P002,Converters,55.3,160,8848.0
SUP2,2024-09-26,2024-09-27,2024-10-01,P005,Struts,362.23,63,22820.49
SUP1,2025-04-01,2025-04-15,2025-04-21,P004,Shock Absorbers,143.77,170,24440.9
SUP3,2025-03-09,2025-03-17,2025-03-20,P002,Converters,57.44,156,8960.64
SUP2,2025-05-09,2025-05-15,2025-05-16,P002,Converters,43.18,100,4318.0
SUP1,2024-09-03,2024-09-06,2024-09-14,P004,Shock Absorbers,139.49,97,13530.53
SUP3,2025-06-12,2025-06-26,2025-07-01,P002,Converters,54.38,125,6797.5
SUP1,2025-02-22,2025-03-03,2025-03-08,P004,Shock Absorbers,164.43,173,28446.39
SUP3,2025-05-07,2025-05-09,2025-05-13,P001,Inverters,34.57,31,1071.67
SUP1,2025-07-18,2025-08-02,2025-08-08,P004,Shock Absorbers,155.14,108,16755.12
SUP2,2025-02-08,2025-02-19,2025-02-22,P002,Converters,49.29,196,9660.84
SUP3,2025-06-19,2025-06-27,2025-07-06,P003,Onboard Chargers,90.66,129,11695.14
SUP3,2024-11-15,2024-11-25,2024-11-30,P004,Shock Absorbers,155.04,76,11783.04
SUP3,2025-07-24,2025-07-27,2025-07-30,P002,Converters,53.33,40,2133.2
SUP3,2025-04-16,2025-04-29,2025-04-30,P005,Struts,360.28,138,49718.64
SUP3,2024-11-22,2024-12-04,2024-12-14,P001,Inverters,41.52,146,6061.92
SUP1,2025-06-30,2025-07-05,2025-07-11,P003,Onboard Chargers,91.23,180,16421.4
SUP2,2024-09-06,2024-09-12,2024-09-14,P001,Inverters,49.84,88,4385.92
SUP2,2025-06-05,2025-06-15,2025-06-18,P005,Struts,327.21,31,10143.51
SUP3,2025-07-25,2025-07-31,2025-08-01,P004,Shock Absorbers,135.68,63,8547.84
SUP3,2024-11-28,2024-12-02,2024-12-11,P005,Struts,357.14,200,71428.0
SUP2,2024-10-04,2024-10-07,2024-10-15,P003,Onboard Chargers,108.44,92,9976.48
SUP1,2024-10-11,2024-10-15,2024-10-17,P004,Shock Absorbers,137.06,33,4522.98
SUP2,2024-11-05,2024-11-06,2024-11-14,P003,Onboard Chargers,90.47,122,11037.34
SUP2,2025-01-17,2025-01-21,2025-01-30,P001,Inverters,33.72,120,4046.4
SUP3,2024-11-23,2024-11-24,2024-11-25,P003,Onboard Chargers,98.52,60,5911.2
SUP1,2025-03-30,2025-04-11,2025-04-16,P005,Struts,388.21,108,41926.68
SUP2,2025-07-16,2025-07-31,2025-08-08,P004,Shock Absorbers,137.18,42,5761.56
SUP3,2025-04-06,2025-04-07,2025-04-09,P001,Inverters,43.45,150,6517.5
SUP3,2025-01-05,2025-01-15,2025-01-19,P005,Struts,384.74,122,46938.28
SUP2,2024-10-23,2024-11-06,2024-11-13,P001,Inverters,49.72,75,3729.0
SUP1,2025-07-23,2025-07-29,2025-08-01,P002,Converters,58.86,199,11713.14
SUP2,2024-08-06,2024-08-11,2024-08-16,P005,Struts,372.17,63,23446.71
SUP3,2025-01-22,2025-02-05,2025-02-13,P004,Shock Absorbers,167.01,117,19540.17
SUP1,2025-03-20,2025-03-31,2025-04-10,P005,Struts,380.94,109,41522.46
SUP3,2025-07-04,2025-07-19,2025-07-22,P004,Shock Absorbers,142.25,174,24751.5
SUP2,2024-10-06,2024-10-10,2024-10-14,P004,Shock Absorbers,133.51,139,18557.89
SUP2,2025-04-06,2025-04-19,2025-04-28,P003,Onboard Chargers,117.46,119,13977.74
SUP1,2025-01-01,2025-01-12,2025-01-19,P002,Converters,57.43,198,11371.14
SUP1,2025-07-31,2025-08-03,2025-08-04,P001,Inverters,44.7,61,2726.7
SUP1,2025-04-25,2025-04-26,2025-04-30,P001,Inverters,30.63,179,5482.77
SUP3,2025-04-26,2025-05-02,2025-05-06,P001,Inverters,42.84,185,7925.4
SUP1,2025-04-02,2025-04-04,2025-04-13,P003,Onboard Chargers,111.66,181,20210.46
SUP3,2025-07-23,2025-07-31,2025-08-06,P002,Converters,47.45,43,2040.35
SUP3,2025-06-18,2025-06-28,2025-07-07,P003,Onboard Chargers,95.99,97,9311.03
SUP3,2024-12-01,2024-12-06,2024-12-12,P002,Converters,56.77,188,10672.76
SUP2,2025-04-08,2025-04-15,2025-04-21,P004,Shock Absorbers,125.38,160,20060.8
SUP2,2024-10-15,2024-10-25,2024-10-30,P001,Inverters,38.78,162,6282.36
SUP1,2024-10-16,2024-10-28,2024-11-02,P005,Struts,329.86,149,49149.14
SUP1,2025-05-31,2025-06-02,2025-06-04,P004,Shock Absorbers,174.34,87,15167.58
SUP1,2024-10-23,2024-11-05,2024-11-13,P001,Inverters,40.08,192,7695.36
SUP3,2025-02-19,2025-02-27,2025-03-07,P004,Shock Absorbers,162.43,33,5360.19
SUP3,2024-12-12,2024-12-14,2024-12-15,P002,Converters,55.88,137,7655.56
SUP2,2024-08-30,2024-09-03,2024-09-11,P002,Converters,55.92,65,3634.8
SUP2,2025-06-10,2025-06-11,2025-06-16,P005,Struts,325.1,29,9427.9
SUP3,2024-10-12,2024-10-27,2024-10-29,P001,Inverters,43.03,20,860.6
SUP1,2024-12-01,2024-12-06,2024-12-08,P003,Onboard Chargers,90.8,20,1816.0
SUP2,2025-07-27,2025-08-05,2025-08-11,P005,Struts,362.97,159,57712.23
SUP2,2025-06-07,2025-06-08,2025-06-17,P002,Converters,53.25,136,7242.0
SUP1,2025-03-02,2025-03-11,2025-03-12,P004,Shock Absorbers,127.92,147,18804.24
SUP3,2024-12-25,2025-01-05,2025-01-11,P004,Shock Absorbers,152.54,44,6711.76
SUP1,2025-06-06,2025-06-21,2025-06-30,P002,Converters,49.94,132,6592.08
SUP2,2025-04-24,2025-05-02,2025-05-10,P001,Inverters,49.19,198,9739.62
SUP3,2024-09-28,2024-10-04,2024-10-10,P001,Inverters,41.25,176,7260.0
SUP2,2025-01-10,2025-01-17,2025-01-20,P003,Onboard Chargers,95.23,183,17427.09
SUP2,2024-09-23,2024-09-26,2024-10-04,P004,Shock Absorbers,154.88,87,13474.56
SUP2,2024-08-24,2024-09-07,2024-09-16,P002,Converters,50.82,107,5437.74
SUP2,2024-12-29,2025-01-13,2025-01-14,P001,Inverters,43.67,104,4541.68
SUP1,2025-02-15,2025-02-16,2025-02-25,P003,Onboard Chargers,116.31,180,20935.8
SUP1,2024-12-10,2024-12-15,2024-12-21,P005,Struts,337.53,143,48266.79
SUP2,2024-10-24,2024-11-07,2024-11-13,P002,Converters,50.65,137,6939.05
SUP3,2024-08-04,2024-08-16,2024-08-20,P001,Inverters,49.34,102,5032.68
SUP3,2024-10-13,2024-10-25,2024-10-26,P005,Struts,353.2,45,15894.0
SUP2,2025-02-18,2025-02-20,2025-03-02,P003,Onboard Chargers,93.85,25,2346.25
SUP1,2025-07-26,2025-08-09,2025-08-17,P003,Onboard Chargers,115.34,190,21914.6
SUP1,2024-11-26,2024-12-01,2024-12-03,P002,Converters,41.8,110,4598.0
SUP1,2024-10-28,2024-11-05,2024-11-06,P004,Shock Absorbers,135.98,79,10742.42
SUP3,2025-04-09,2025-04-20,2025-04-22,P005,Struts,302.71,36,10897.56
SUP3,2024-10-08,2024-10-17,2024-10-18,P005,Struts,383.15,62,23755.3
SUP3,2025-07-18,2025-07-20,2025-07-21,P002,Converters,58.22,108,6287.76
SUP3,2025-02-01,2025-02-13,2025-02-22,P003,Onboard Chargers,92.54,155,14343.7
SUP3,2025-06-16,2025-06-19,2025-06-20,P005,Struts,372.04,77,28647.08
SUP2,2025-04-09,2025-04-12,2025-04-16,P005,Struts,345.57,116,40086.12
SUP2,2025-01-23,2025-01-24,2025-02-03,P005,Struts,344.06,93,31997.58
SUP1,2025-01-22,2025-01-30,2025-02-05,P003,Onboard Chargers,105.53,188,19839.64
SUP3,2025-05-23,2025-05-29,2025-06-05,P003,Onboard Chargers,99.84,183,18270.72
SUP2,2024-08-07,2024-08-19,2024-08-21,P002,Converters,49.8,41,2041.8
SUP3,2025-01-07,2025-01-20,2025-01-26,P001,Inverters,45.02,147,6617.94
SUP1,2025-03-25,2025-04-02,2025-04-09,P002,Converters,52.79,103,5437.37
SUP1,2024-09-01,2024-09-12,2024-09-22,P005,Struts,357.85,92,32922.2
SUP1,2025-03-23,2025-04-01,2025-04-11,P003,Onboard Chargers,117.86,82,9664.52
SUP1,2025-05-03,2025-05-08,2025-05-10,P004,Shock Absorbers,138.81,78,10827.18
SUP1,2025-07-15,2025-07-29,2025-07-31,P004,Shock Absorbers,165.62,52,8612.24
SUP1,2025-02-24,2025-03-08,2025-03-18,P001,Inverters,43.24,169,7307.56
SUP1,2025-03-12,2025-03-26,2025-04-02,P004,Shock Absorbers,145.24,163,23674.12
SUP3,2025-05-29,2025-06-01,2025-06-02,P005,Struts,384.51,26,9997.26
SUP2,2025-05-29,2025-06-03,2025-06-11,P001,Inverters,37.34,136,5078.24
SUP1,2024-08-04,2024-08-09,2024-08-12,P002,Converters,43.17,154,6648.18
SUP1,2024-10-26,2024-10-31,2024-11-06,P004,Shock Absorbers,143.09,117,16741.53
SUP3,2024-10-20,2024-10-23,2024-11-01,P001,Inverters,30.76,78,2399.28
SUP1,2025-02-01,2025-02-12,2025-02-18,P001,Inverters,35.79,103,3686.37
SUP2,2024-09-06,2024-09-20,2024-09-29,P005,Struts,354.73,31,10996.63
SUP2,2024-12-25,2025-01-04,2025-01-11,P005,Struts,358.82,122,43776.04
SUP1,2025-05-09,2025-05-23,2025-06-01,P003,Onboard Chargers,96.58,133,12845.14
SUP1,2025-01-27,2025-01-31,2025-02-02,P004,Shock Absorbers,143.51,59,8467.09
SUP1,2024-12-19,2024-12-28,2025-01-05,P001,Inverters,34.01,141,4795.41
SUP2,2024-09-22,2024-10-05,2024-10-13,P001,Inverters,40.37,51,2058.87
SUP3,2025-04-04,2025-04-14,2025-04-16,P003,Onboard Chargers,101.68,123,12506.64
SUP1,2024-09-29,2024-10-08,2024-10-12,P003,Onboard Chargers,109.84,115,12631.6
SUP3,2024-08-24,2024-08-26,2024-09-02,P001,Inverters,41.5,45,1867.5
SUP3,2024-10-13,2024-10-21,2024-10-25,P001,Inverters,48.6,65,3159.0
SUP1,2024-10-25,2024-11-02,2024-11-06,P004,Shock Absorbers,131.09,38,4981.42
SUP2,2025-04-16,2025-04-23,2025-04-29,P004,Shock Absorbers,128.48,178,22869.44
SUP3,2025-04-24,2025-05-02,2025-05-12,P002,Converters,54.16,193,10452.88
SUP1,2024-09-07,2024-09-21,2024-09-27,P004,Shock Absorbers,157.73,75,11829.75
SUP2,2024-10-07,2024-10-10,2024-10-20,P005,Struts,390.39,43,16786.77
SUP3,2025-02-05,2025-02-18,2025-02-21,P005,Struts,352.15,164,57752.6
SUP2,2025-05-02,2025-05-08,2025-05-17,P005,Struts,352.22,84,29586.48
SUP2,2024-09-24,2024-09-25,2024-10-05,P002,Converters,48.04,169,8118.76
SUP1,2025-05-10,2025-05-17,2025-05-19,P005,Struts,368.41,126,46419.66
SUP1,2025-05-10,2025-05-17,2025-05-19,P005,Struts,368.41,126,46419.66
SUP3,2025-01-19,2025-02-03,2025-02-09,P005,Struts,343.75,43,14781.25
SUP2,2025-07-24,2025-08-08,2025-08-15,P005,Struts,303.88,95,28868.6
SUP1,2025-04-17,2025-04-18,2025-04-27,P005,Struts,301.27,82,24704.14
SUP1,2024-11-06,2024-11-15,2024-11-18,P002,Converters,59.49,181,10767.69
SUP3,2024-10-08,2024-10-09,2024-10-19,P001,Inverters,34.49,126,4345.74
SUP2,2025-05-17,2025-05-18,2025-05-21,P003,Onboard Chargers,117.19,53,6211.07
SUP1,2024-11-24,2024-12-09,2024-12-16,P002,Converters,52.18,71,3704.78
SUP2,2025-05-25,2025-06-01,2025-06-05,P003,Onboard Chargers,112.35,102,11459.7
SUP1,2024-11-26,2024-11-28,2024-12-06,P003,Onboard Chargers,106.19,145,15397.55
SUP2,2024-08-05,2024-08-19,2024-08-26,P003,Onboard Chargers,91.19,46,4194.74
SUP2,2025-02-14,2025-02-19,2025-02-24,P004,Shock Absorbers,159.22,60,9553.2
SUP2,2025-05-15,2025-05-23,2025-05-30,P005,Struts,394.14,135,53208.9
SUP3,2024-09-06,2024-09-14,2024-09-17,P005,Struts,334.55,73,24422.15
SUP1,2024-08-01,2024-08-04,2024-08-06,P002,Converters,55.66,34,1892.44
SUP3,2025-02-23,2025-03-02,2025-03-08,P001,Inverters,41.75,29,1210.75
SUP1,2024-10-12,2024-10-15,2024-10-17,P002,Converters,56.15,139,7804.85
SUP1,2024-09-22,2024-09-28,2024-10-01,P004,Shock Absorbers,143.22,59,8449.98
SUP2,2025-04-13,2025-04-19,2025-04-25,P001,Inverters,43.26,186,8046.36
SUP2,2024-09-15,2024-09-18,2024-09-23,P002,Converters,49.17,121,5949.57
SUP3,2025-02-15,2025-02-22,2025-03-02,P005,Struts,377.29,41,15468.89
SUP3,2025-03-10,2025-03-13,2025-03-22,P005,Struts,312.46,33,10311.18
SUP2,2025-04-21,2025-04-29,2025-05-02,P002,Converters,52.99,138,7312.62
SUP1,2025-02-25,2025-03-07,2025-03-17,P002,Converters,59.97,119,7136.43
SUP2,2024-10-01,2024-10-05,2024-10-08,P004,Shock Absorbers,127.94,70,8955.8
SUP1,2024-10-09,2024-10-24,2024-10-27,P001,Inverters,31.71,194,6151.74
SUP3,2024-11-29,2024-12-14,2024-12-20,P003,Onboard Chargers,109.83,28,3075.24
SUP2,2025-05-06,2025-05-19,2025-05-20,P005,Struts,353.3,30,10599.0
SUP2,2025-03-12,2025-03-13,2025-03-20,P003,Onboard Chargers,105.83,154,16297.82
SUP3,2025-01-27,2025-01-31,2025-02-01,P005,Struts,364.78,57,20792.46
SUP2,2024-09-05,2024-09-19,2024-09-24,P005,Struts,354.79,65,23061.35
SUP1,2024-09-10,2024-09-17,2024-09-27,P002,Converters,59.29,114,6759.06
SUP3,2024-08-07,2024-08-18,2024-08-26,P001,Inverters,44.17,62,2738.54
SUP3,2024-12-04,2024-12-08,2024-12-12,P003,Onboard Chargers,106.24,149,15829.76
SUP2,2024-08-30,2024-09-12,2024-09-17,P004,Shock Absorbers,173.65,20,3473.0
SUP3,2025-03-11,2025-03-17,2025-03-21,P004,Shock Absorbers,166.3,99,16463.7
SUP3,2025-06-23,2025-07-02,2025-07-06,P004,Shock Absorbers,125.01,144,18001.44
SUP3,2025-06-19,2025-06-20,2025-06-28,P005,Struts,336.2,143,48076.6
SUP3,2025-01-26,2025-02-08,2025-02-10,P004,Shock Absorbers,129.89,34,4416.26
SUP3,2024-09-10,2024-09-15,2024-09-16,P004,Shock Absorbers,129.21,69,8915.49
SUP3,2024-08-29,2024-09-09,2024-09-12,P003,Onboard Chargers,116.28,184,21395.52
SUP1,2024-08-14,2024-08-21,2024-08-30,P004,Shock Absorbers,130.63,23,3004.49
SUP1,2025-05-18,2025-05-19,2025-05-23,P001,Inverters,47.85,177,8469.45
SUP1,2024-09-09,2024-09-23,2024-10-03,P001,Inverters,30.21,186,5619.06
SUP2,2024-12-09,2024-12-13,2024-12-18,P005,Struts,351.21,148,51979.08
SUP2,2024-08-27,2024-09-02,2024-09-04,P001,Inverters,44.07,109,4803.63
SUP1,2025-01-19,2025-01-21,2025-01-25,P003,Onboard Chargers,118.76,52,6175.52
SUP3,2024-08-15,2024-08-25,2024-08-27,P005,Struts,329.23,90,29630.7
SUP3,2025-06-25,2025-06-30,2025-07-02,P004,Shock Absorbers,148.76,175,26033.0
SUP3,2025-07-24,2025-08-04,2025-08-08,P005,Struts,332.78,113,37604.14
SUP1,2024-11-15,2024-11-25,2024-12-01,P002,Converters,50.17,30,1505.1
SUP1,2024-12-15,2024-12-16,2024-12-23,P004,Shock Absorbers,162.78,139,22626.42
SUP1,2025-07-11,2025-07-17,2025-07-27,P003,Onboard Chargers,115.1,44,5064.4
SUP2,2024-10-11,2024-10-17,2024-10-20,P001,Inverters,32.66,191,6238.06
SUP1,2024-11-23,2024-12-06,2024-12-09,P004,Shock Absorbers,136.56,117,15977.52
SUP1,2025-04-04,2025-04-19,2025-04-29,P001,Inverters,48.59,46,2235.14
SUP3,2025-03-09,2025-03-24,2025-03-30,P004,Shock Absorbers,131.17,155,20331.35
SUP1,2025-04-23,2025-04-27,2025-04-30,P001,Inverters,38.31,55,2107.05
SUP3,2024-09-05,2024-09-18,2024-09-20,P005,Struts,390.16,149,58133.84
SUP3,2025-04-12,2025-04-20,2025-04-28,P001,Inverters,42.51,59,2508.09
SUP1,2024-11-21,2024-11-25,2024-11-30,P005,Struts,345.83,48,16599.84
SUP2,2025-06-30,2025-07-08,2025-07-09,P005,Struts,385.82,89,34337.98
SUP3,2024-11-23,2024-12-08,2024-12-11,P001,Inverters,31.85,138,4395.3
SUP1,2025-04-20,2025-05-03,2025-05-13,P001,Inverters,46.34,50,2317.0
SUP3,2024-10-21,2024-10-29,2024-11-06,P004,Shock Absorbers,149.61,127,19000.47
SUP1,2024-09-20,2024-09-25,2024-09-29,P002,Converters,44.52,152,6767.04
SUP1,2024-12-07,2024-12-20,2024-12-27,P002,Converters,49.55,160,7928.0
SUP2,2025-06-02,2025-06-17,2025-06-27,P001,Inverters,46.74,95,4440.3
SUP3,2024-12-30,2025-01-03,2025-01-05,P005,Struts,303.95,115,34954.25
SUP1,2025-06-17,2025-06-29,2025-07-06,P005,Struts,324.3,162,52536.6
SUP1,2024-11-04,2024-11-17,2024-11-22,P002,Converters,46.45,38,1765.1
SUP2,2024-11-02,2024-11-04,2024-11-09,P002,Converters,49.42,196,9686.32
SUP3,2025-03-09,2025-03-20,2025-03-26,P003,Onboard Chargers,112.27,34,3817.18
SUP1,2024-12-09,2024-12-24,2025-01-02,P005,Struts,374.76,50,18738.0
SUP2,2024-08-23,2024-08-26,2024-09-01,P001,Inverters,36.44,79,2878.76
SUP2,2024-09-14,2024-09-17,2024-09-25,P005,Struts,317.01,82,25994.82
SUP2,2024-10-16,2024-10-20,2024-10-27,P004,Shock Absorbers,130.67,134,17509.78
SUP2,2025-07-26,2025-07-30,2025-08-08,P003,Onboard Chargers,106.87,31,3312.97
SUP3,2025-06-12,2025-06-22,2025-06-26,P005,Struts,348.07,169,58823.83
SUP2,2024-09-27,2024-10-08,2024-10-10,P004,Shock Absorbers,162.35,187,30359.45
SUP2,2025-02-02,2025-02-13,2025-02-20,P002,Converters,57.96,107,6201.72
SUP1,2025-03-03,2025-03-08,2025-03-14,P001,Inverters,39.92,193,7704.56
SUP1,2024-12-23,2024-12-27,2024-12-28,P001,Inverters,30.65,166,5087.9
SUP1,2025-01-21,2025-02-01,2025-02-10,P004,Shock Absorbers,164.58,115,18926.7
SUP1,2024-10-26,2024-11-09,2024-11-18,P005,Struts,377.07,174,65610.18
SUP2,2025-04-07,2025-04-17,2025-04-19,P002,Converters,42.48,67,2846.16
SUP2,2025-01-02,2025-01-10,2025-01-13,P005,Struts,333.56,78,26017.68
SUP2,2025-06-27,2025-07-03,2025-07-08,P002,Converters,46.1,21,968.1
SUP3,2025-02-08,2025-02-14,2025-02-19,P001,Inverters,48.77,147,7169.19
SUP2,2025-05-21,2025-05-29,2025-05-30,P002,Converters,57.46,53,3045.38
SUP3,2024-12-04,2024-12-11,2024-12-19,P002,Converters,58.27,66,3845.82
SUP3,2024-12-06,2024-12-21,2024-12-29,P001,Inverters,30.15,29,874.35
SUP3,2024-09-17,2024-09-27,2024-10-01,P002,Converters,49.38,80,3950.4
SUP1,2024-08-31,2024-09-14,2024-09-21,P004,Shock Absorbers,172.55,40,6902.0
SUP2,2025-07-15,2025-07-26,2025-08-05,P005,Struts,330.06,108,35646.48
SUP2,2025-03-22,2025-04-03,2025-04-06,P004,Shock Absorbers,174.29,73,12723.17
SUP2,2024-09-04,2024-09-14,2024-09-20,P001,Inverters,38.9,32,1244.8
SUP1,2025-01-18,2025-01-31,2025-02-10,P003,Onboard Chargers,118.69,99,11750.31
SUP1,2024-08-14,2024-08-22,2024-09-01,P001,Inverters,38.09,25,952.25
SUP2,2025-01-01,2025-01-15,2025-01-24,P002,Converters,46.02,141,6488.82
SUP2,2025-04-19,2025-04-21,2025-04-22,P001,Inverters,36.5,52,1898.0
SUP1,2025-07-12,2025-07-21,2025-07-26,P001,Inverters,41.41,73,3022.93
SUP1,2025-01-30,2025-01-31,2025-02-04,P003,Onboard Chargers,104.98,129,13542.42
SUP3,2025-03-13,2025-03-28,2025-04-05,P004,Shock Absorbers,163.27,190,31021.3
SUP2,2025-05-21,2025-05-29,2025-05-30,P001,Inverters,30.12,85,2560.2
SUP1,2025-01-04,2025-01-16,2025-01-25,P003,Onboard Chargers,117.06,174,20368.44
SUP1,2025-04-10,2025-04-21,2025-04-27,P001,Inverters,39.76,81,3220.56
SUP3,2024-09-15,2024-09-27,2024-10-01,P005,Struts,311.38,40,12455.2
SUP1,2024-11-07,2024-11-19,2024-11-28,P001,Inverters,39.82,60,2389.2
SUP3,2024-12-11,2024-12-15,2024-12-20,P003,Onboard Chargers,111.44,143,15935.92
SUP1,2025-05-11,2025-05-15,2025-05-20,P004,Shock Absorbers,137.01,92,12604.92
SUP1,2025-01-29,2025-02-03,2025-02-08,P004,Shock Absorbers,173.22,140,24250.8
SUP3,2024-08-15,2024-08-23,2024-08-24,P002,Converters,51.64,69,3563.16
SUP3,2024-09-02,2024-09-07,2024-09-08,P002,Converters,40.51,32,1296.32
SUP2,2024-11-19,2024-11-27,2024-12-05,P003,Onboard Chargers,116.64,33,3849.12
SUP2,2025-02-08,2025-02-23,2025-03-03,P005,Struts,381.04,127,48392.08
SUP2,2024-12-28,2025-01-07,2025-01-13,P005,Struts,311.27,175,54472.25
SUP2,2025-04-22,2025-04-23,2025-04-27,P004,Shock Absorbers,161.03,31,4991.93
SUP1,2024-10-15,2024-10-27,2024-10-29,P001,Inverters,41.99,180,7558.2
SUP3,2024-08-17,2024-09-01,2024-09-03,P004,Shock Absorbers,129.98,71,9228.58
SUP2,2025-05-27,2025-06-06,2025-06-15,P004,Shock Absorbers,161.6,98,15836.8
SUP1,2025-07-18,2025-07-27,2025-08-01,P001,Inverters,49.59,33,1636.47
SUP2,2025-01-26,2025-02-01,2025-02-05,P003,Onboard Chargers,106.76,100,10676.0
SUP2,2025-03-27,2025-03-30,2025-04-09,P004,Shock Absorbers,164.18,123,20194.14
SUP3,2025-06-28,2025-07-11,2025-07-12,P002,Converters,53.18,52,2765.36
SUP1,2025-04-24,2025-05-08,2025-05-15,P005,Struts,389.67,96,37408.32
SUP1,2025-06-15,2025-06-23,2025-06-26,P003,Onboard Chargers,94.2,95,8949.0
SUP3,2025-03-22,2025-03-31,2025-04-06,P002,Converters,59.83,154,9213.82
SUP1,2025-06-06,2025-06-12,2025-06-17,P003,Onboard Chargers,96.24,93,8950.32
SUP2,2024-09-24,2024-10-05,2024-10-10,P003,Onboard Chargers,100.94,142,14333.48
SUP1,2025-06-26,2025-07-03,2025-07-08,P005,Struts,311.25,34,10582.5
SUP1,2024-12-11,2024-12-12,2024-12-13,P005,Struts,390.17,113,44089.21
SUP3,2025-07-16,2025-07-30,2025-07-31,P003,Onboard Chargers,91.53,103,9427.59
SUP1,2025-07-31,2025-08-05,2025-08-08,P003,Onboard Chargers,110.83,172,19062.76
SUP3,2024-12-07,2024-12-12,2024-12-22,P004,Shock Absorbers,141.32,87,12294.84
SUP3,2025-05-18,2025-05-28,2025-06-01,P002,Converters,46.14,62,2860.68
SUP3,2024-12-23,2025-01-06,2025-01-11,P001,Inverters,33.62,191,6421.42
SUP1,2024-12-25,2024-12-29,2024-12-31,P005,Struts,390.39,88,34354.32
SUP1,2025-03-29,2025-04-04,2025-04-12,P005,Struts,340.03,166,56444.98
SUP2,2024-10-18,2024-10-25,2024-10-27,P003,Onboard Chargers,98.74,150,14811.0
SUP3,2024-11-07,2024-11-16,2024-11-25,P005,Struts,316.16,133,42049.28
SUP3,2024-12-12,2024-12-13,2024-12-15,P005,Struts,382.7,56,21431.2
SUP2,2025-01-27,2025-02-11,2025-02-20,P004,Shock Absorbers,134.69,21,2828.49
SUP3,2024-10-23,2024-10-29,2024-11-05,P004,Shock Absorbers,142.3,40,5692.0
SUP2,2025-05-10,2025-05-17,2025-05-25,P001,Inverters,36.05,69,2487.45
SUP1,2024-11-24,2024-11-27,2024-11-29,P003,Onboard Chargers,114.05,195,22239.75
SUP3,2025-07-02,2025-07-10,2025-07-17,P002,Converters,46.43,147,6825.21
SUP2,2025-03-04,2025-03-19,2025-03-25,P001,Inverters,31.14,146,4546.44
SUP2,2025-06-23,2025-06-28,2025-07-02,P002,Converters,59.54,129,7680.66
SUP1,2024-08-30,2024-09-14,2024-09-21,P001,Inverters,41.29,22,908.38
SUP3,2025-01-19,2025-01-28,2025-02-01,P001,Inverters,41.54,183,7601.82
SUP2,2025-03-13,2025-03-18,2025-03-20,P005,Struts,319.39,42,13414.38
SUP1,2025-01-15,2025-01-24,2025-02-03,P001,Inverters,48.47,110,5331.7
SUP3,2024-10-26,2024-11-05,2024-11-12,P001,Inverters,32.71,168,5495.28
SUP2,2025-04-27,2025-05-01,2025-05-09,P002,Converters,57.74,121,6986.54
SUP1,2025-03-11,2025-03-20,2025-03-22,P002,Converters,58.47,179,10466.13
SUP1,2025-03-20,2025-03-25,2025-03-30,P001,Inverters,36.57,185,6765.45
SUP1,2025-06-22,2025-07-02,2025-07-03,P005,Struts,352.58,171,60291.18
SUP3,2024-08-31,2024-09-09,2024-09-16,P005,Struts,341.41,84,28678.44
SUP2,2024-12-04,2024-12-07,2024-12-15,P001,Inverters,37.37,191,7137.67
SUP3,2025-02-16,2025-03-03,2025-03-09,P001,Inverters,37.63,117,4402.71
SUP3,2024-11-27,2024-12-01,2024-12-06,P003,Onboard Chargers,95.75,30,2872.5
SUP3,2025-06-28,2025-07-07,2025-07-13,P005,Struts,319.05,187,59662.35
SUP1,2025-07-05,2025-07-15,2025-07-17,P003,Onboard Chargers,113.78,36,4096.08
SUP3,2024-09-08,2024-09-19,2024-09-20,P004,Shock Absorbers,136.15,115,15657.25
SUP2,2024-10-09,2024-10-15,2024-10-22,P003,Onboard Chargers,106.0,164,17384.0
SUP1,2025-06-21,2025-06-23,2025-06-30,P001,Inverters,40.8,72,2937.6
SUP1,2024-12-21,2024-12-28,2025-01-07,P003,Onboard Chargers,102.41,176,18024.16
SUP3,2025-02-04,2025-02-06,2025-02-16,P004,Shock Absorbers,148.58,48,7131.84
SUP3,2025-07-02,2025-07-13,2025-07-15,P005,Struts,399.26,55,21959.3
SUP1,2024-09-12,2024-09-14,2024-09-16,P005,Struts,312.42,173,54048.66
SUP3,2025-07-20,2025-07-31,2025-08-01,P003,Onboard Chargers,111.39,21,2339.19
SUP3,2024-10-03,2024-10-04,2024-10-14,P003,Onboard Chargers,104.38,132,13778.16
SUP2,2024-09-17,2024-09-28,2024-10-06,P004,Shock Absorbers,155.66,49,7627.34
SUP3,2025-06-09,2025-06-20,2025-06-28,P001,Inverters,47.52,24,1140.48
SUP1,2024-09-01,2024-09-13,2024-09-14,P003,Onboard Chargers,101.54,66,6701.64
SUP1,2025-05-07,2025-05-18,2025-05-26,P003,Onboard Chargers,102.45,161,16494.45
SUP1,2025-06-01,2025-06-04,2025-06-13,P001,Inverters,48.19,180,8674.2
SUP2,2025-03-03,2025-03-09,2025-03-13,P002,Converters,53.52,48,2568.96
SUP2,2025-04-27,2025-05-05,2025-05-06,P001,Inverters,42.13,26,1095.38
SUP3,2025-05-01,2025-05-10,2025-05-11,P004,Shock Absorbers,150.59,150,22588.5
SUP3,2025-01-03,2025-01-10,2025-01-13,P003,Onboard Chargers,98.56,27,2661.12
SUP3,2025-01-01,2025-01-05,2025-01-10,P003,Onboard Chargers,112.68,108,12169.44
SUP2,2024-08-22,2024-08-28,2024-09-02,P003,Onboard Chargers,115.31,84,9686.04
SUP2,2025-06-25,2025-06-30,2025-07-09,P003,Onboard Chargers,102.52,139,14250.28
SUP3,2025-01-07,2025-01-15,2025-01-25,P003,Onboard Chargers,97.32,192,18685.44
SUP2,2025-02-17,2025-02-18,2025-02-20,P005,Struts,305.84,148,45264.32
SUP3,2024-09-13,2024-09-14,2024-09-16,P003,Onboard Chargers,93.56,76,7110.56
SUP1,2024-11-23,2024-12-06,2024-12-12,P005,Struts,342.26,55,18824.3
SUP1,2025-03-21,2025-04-05,2025-04-14,P003,Onboard Chargers,106.38,159,16914.42
SUP3,2024-09-26,2024-10-07,2024-10-08,P001,Inverters,40.42,27,1091.34
SUP1,2025-06-17,2025-06-23,2025-07-02,P001,Inverters,42.41,106,4495.46
SUP3,2025-06-16,2025-06-26,2025-07-05,P003,Onboard Chargers,94.11,126,11857.86
SUP2,2025-03-23,2025-04-04,2025-04-13,P001,Inverters,35.14,42,1475.88
SUP2,2025-06-02,2025-06-04,2025-06-09,P005,Struts,384.36,188,72259.68
SUP3,2025-04-30,2025-05-05,2025-05-14,P002,Converters,48.76,171,8337.96
SUP2,2025-02-12,2025-02-13,2025-02-17,P005,Struts,328.23,108,35448.84
SUP3,2025-04-06,2025-04-13,2025-04-15,P004,Shock Absorbers,151.94,133,20208.02
SUP1,2024-08-21,2024-08-22,2024-08-28,P001,Inverters,38.89,157,6105.73
SUP3,2025-04-27,2025-05-01,2025-05-05,P003,Onboard Chargers,106.38,159,16914.42
SUP2,2025-02-03,2025-02-12,2025-02-18,P004,Shock Absorbers,127.98,29,3711.42
SUP2,2024-10-24,2024-10-25,2024-10-28,P005,Struts,362.19,128,46360.32
SUP2,2024-08-22,2024-08-26,2024-09-01,P004,Shock Absorbers,169.37,145,24558.65
SUP2,2025-06-23,2025-06-29,2025-07-01,P002,Converters,41.35,142,5871.7
SUP2,2024-12-19,2024-12-25,2024-12-27,P005,Struts,385.91,114,43993.74
SUP3,2025-02-15,2025-02-27,2025-03-08,P002,Converters,53.84,114,6137.76
SUP2,2025-05-14,2025-05-29,2025-06-05,P003,Onboard Chargers,92.26,117,10794.42
SUP1,2025-01-12,2025-01-25,2025-01-28,P005,Struts,398.86,64,25527.04
SUP2,2024-10-10,2024-10-18,2024-10-19,P001,Inverters,36.95,77,2845.15
SUP3,2024-09-21,2024-09-22,2024-09-30,P005,Struts,375.86,64,24055.04
SUP3,2024-11-26,2024-12-03,2024-12-09,P003,Onboard Chargers,95.57,100,9557.0
SUP1,2025-03-22,2025-03-23,2025-03-30,P001,Inverters,31.85,20,637.0
SUP1,2025-01-09,2025-01-22,2025-01-31,P004,Shock Absorbers,139.41,83,11571.03
SUP1,2024-09-14,2024-09-28,2024-10-03,P003,Onboard Chargers,103.29,29,2995.41
SUP3,2025-06-09,2025-06-16,2025-06-17,P004,Shock Absorbers,157.33,181,28476.73
SUP2,2025-02-21,2025-02-24,2025-03-06,P004,Shock Absorbers,140.51,135,18968.85
SUP1,2025-03-15,2025-03-26,2025-04-02,P004,Shock Absorbers,172.57,125,21571.25
SUP2,2024-09-07,2024-09-15,2024-09-20,P002,Converters,56.15,104,5839.6
SUP3,2025-04-17,2025-04-20,2025-04-23,P005,Struts,380.01,119,45221.19
SUP2,2024-09-09,2024-09-23,2024-10-02,P001,Inverters,41.51,72,2988.72
SUP2,2025-06-09,2025-06-23,2025-06-24,P004,Shock Absorbers,160.89,193,31051.77
SUP3,2025-05-02,2025-05-15,2025-05-16,P003,Onboard Chargers,117.29,102,11963.58
SUP3,2025-02-01,2025-02-02,2025-02-03,P004,Shock Absorbers,155.2,197,30574.4
SUP2,2024-09-05,2024-09-18,2024-09-21,P005,Struts,329.54,45,14829.3
SUP1,2024-10-09,2024-10-22,2024-10-28,P002,Converters,55.22,54,2981.88
SUP1,2024-09-01,2024-09-15,2024-09-25,P003,Onboard Chargers,119.34,83,9905.22
SUP3,2025-01-28,2025-02-05,2025-02-08,P002,Converters,44.7,145,6481.5
SUP1,2025-07-25,2025-07-28,2025-08-05,P004,Shock Absorbers,160.16,33,5285.28
SUP1,2025-01-25,2025-01-27,2025-02-06,P005,Struts,378.8,85,32198.0
SUP1,2024-08-02,2024-08-03,2024-08-05,P004,Shock Absorbers,143.7,56,8047.2
SUP3,2025-06-28,2025-07-12,2025-07-21,P001,Inverters,33.8,162,5475.6
SUP1,2025-07-08,2025-07-11,2025-07-14,P003,Onboard Chargers,112.76,84,9471.84
SUP1,2025-04-20,2025-05-05,2025-05-10,P001,Inverters,37.22,196,7295.12
SUP3,2024-12-29,2024-12-31,2025-01-10,P003,Onboard Chargers,107.34,160,17174.4
SUP2,2025-01-06,2025-01-08,2025-01-16,P001,Inverters,39.53,146,5771.38
SUP3,2025-03-29,2025-04-04,2025-04-06,P004,Shock Absorbers,148.35,34,5043.9
SUP1,2024-09-15,2024-09-27,2024-10-03,P004,Shock Absorbers,148.24,122,18085.28
SUP1,2025-07-25,2025-07-26,2025-07-31,P004,Shock Absorbers,150.47,115,17304.05
SUP1,2024-10-13,2024-10-15,2024-10-25,P005,Struts,317.77,20,6355.4
SUP2,2025-05-23,2025-06-06,2025-06-15,P005,Struts,384.47,126,48443.22
SUP1,2025-06-16,2025-06-22,2025-06-27,P004,Shock Absorbers,143.59,166,23835.94
SUP2,2025-06-26,2025-06-29,2025-07-01,P002,Converters,49.52,168,8319.36
SUP1,2025-04-11,2025-04-26,2025-05-01,P002,Converters,43.59,91,3966.69
SUP2,2025-02-20,2025-02-24,2025-02-28,P002,Converters,44.01,93,4092.93
SUP2,2025-05-20,2025-05-21,2025-05-28,P002,Converters,46.95,46,2159.7
SUP1,2025-01-27,2025-02-04,2025-02-10,P001,Inverters,37.42,147,5500.74
SUP1,2025-03-12,2025-03-25,2025-03-27,P005,Struts,359.08,176,63198.08
SUP2,2025-06-04,2025-06-11,2025-06-16,P005,Struts,369.94,67,24785.98
SUP1,2025-07-01,2025-07-08,2025-07-15,P001,Inverters,31.21,180,5617.8
SUP3,2024-12-14,2024-12-17,2024-12-24,P003,Onboard Chargers,117.05,27,3160.35
SUP1,2025-03-22,2025-04-01,2025-04-06,P005,Struts,377.36,150,56604.0
SUP3,2025-03-07,2025-03-17,2025-03-26,P003,Onboard Chargers,91.06,160,14569.6
SUP2,2025-03-31,2025-04-03,2025-04-07,P003,Onboard Chargers,109.02,126,13736.52
SUP2,2024-11-25,2024-12-09,2024-12-12,P001,Inverters,45.76,149,6818.24
SUP3,2024-08-04,2024-08-06,2024-08-10,P001,Inverters,34.19,128,4376.32
SUP1,2025-06-06,2025-06-18,2025-06-23,P002,Converters,46.42,44,2042.48
SUP2,2024-08-20,2024-08-21,2024-08-27,P002,Converters,56.87,172,9781.64
SUP1,2025-02-08,2025-02-15,2025-02-18,P003,Onboard Chargers,93.41,31,2895.71
SUP3,2025-07-13,2025-07-20,2025-07-22,P003,Onboard Chargers,115.92,24,2782.08
SUP1,2025-07-05,2025-07-17,2025-07-21,P004,Shock Absorbers,154.41,196,30264.36
SUP1,2024-08-20,2024-08-22,2024-08-27,P001,Inverters,35.58,25,889.5
SUP1,2025-01-13,2025-01-20,2025-01-24,P002,Converters,45.92,132,6061.44
SUP1,2025-01-04,2025-01-17,2025-01-20,P001,Inverters,47.86,65,3110.9
SUP2,2025-07-13,2025-07-21,2025-07-29,P003,Onboard Chargers,115.74,136,15740.64
SUP2,2025-02-14,2025-02-15,2025-02-25,P004,Shock Absorbers,166.64,83,13831.12
SUP2,2024-09-12,2024-09-21,2024-09-25,P002,Converters,47.26,76,3591.76
SUP2,2025-05-26,2025-06-02,2025-06-04,P001,Inverters,38.31,149,5708.19
SUP1,2024-08-01,2024-08-04,2024-08-06,P005,Struts,315.74,148,46729.52
SUP2,2025-07-01,2025-07-09,2025-07-10,P005,Struts,389.78,124,48332.72
SUP3,2024-11-27,2024-12-04,2024-12-08,P002,Converters,55.31,86,4756.66
SUP2,2024-11-22,2024-12-03,2024-12-13,P004,Shock Absorbers,127.26,160,20361.6
SUP3,2025-05-03,2025-05-18,2025-05-27,P003,Onboard Chargers,99.77,45,4489.65
SUP2,2024-09-05,2024-09-18,2024-09-25,P005,Struts,374.2,46,17213.2
SUP1,2024-12-07,2024-12-15,2024-12-25,P003,Onboard Chargers,105.53,62,6542.86
SUP2,2024-12-07,2024-12-13,2024-12-20,P005,Struts,380.73,169,64343.37
SUP1,2025-05-12,2025-05-21,2025-05-28,P005,Struts,397.69,91,36189.79
SUP1,2024-09-14,2024-09-29,2024-10-07,P001,Inverters,42.39,81,3433.59
SUP2,2025-06-16,2025-06-21,2025-06-22,P001,Inverters,41.18,194,7988.92
SUP2,2025-04-02,2025-04-05,2025-04-15,P004,Shock Absorbers,142.19,175,24883.25
SUP3,2025-04-22,2025-04-25,2025-05-05,P001,Inverters,45.23,90,4070.7
SUP3,2025-01-04,2025-01-05,2025-01-13,P005,Struts,323.75,178,57627.5
SUP2,2025-01-29,2025-02-10,2025-02-14,P001,Inverters,39.27,95,3730.65
SUP2,2024-11-24,2024-12-09,2024-12-13,P002,Converters,54.24,142,7702.08
SUP2,2025-02-09,2025-02-17,2025-02-21,P004,Shock Absorbers,157.89,109,17210.01
SUP2,2024-11-29,2024-12-01,2024-12-07,P003,Onboard Chargers,95.36,181,17260.16
SUP2,2024-11-29,2024-12-02,2024-12-09,P003,Onboard Chargers,100.26,194,19450.44
SUP1,2025-02-12,2025-02-20,2025-02-26,P004,Shock Absorbers,151.28,121,18304.88
SUP1,2025-04-30,2025-05-14,2025-05-15,P003,Onboard Chargers,117.3,140,16422.0
SUP3,2024-08-24,2024-09-01,2024-09-09,P003,Onboard Chargers,117.14,117,13705.38
SUP3,2025-01-12,2025-01-26,2025-02-05,P002,Converters,44.61,123,5487.03
SUP1,2025-07-27,2025-08-07,2025-08-14,P002,Converters,50.22,63,3163.86
SUP2,2025-06-20,2025-06-24,2025-06-30,P003,Onboard Chargers,106.15,148,15710.2
SUP2,2025-07-04,2025-07-08,2025-07-14,P005,Struts,375.58,116,43567.28
SUP2,2025-05-15,2025-05-20,2025-05-25,P001,Inverters,30.39,64,1944.96
SUP1,2024-09-28,2024-10-04,2024-10-10,P005,Struts,334.07,147,49108.29
SUP2,2025-03-16,2025-03-21,2025-03-30,P001,Inverters,47.75,161,7687.75
SUP2,2025-03-31,2025-04-14,2025-04-24,P001,Inverters,39.94,45,1797.3
SUP2,2025-06-02,2025-06-17,2025-06-26,P005,Struts,348.18,22,7659.96
SUP3,2024-11-25,2024-12-02,2024-12-12,P004,Shock Absorbers,134.33,36,4835.88
SUP1,2024-11-30,2024-12-02,2024-12-10,P001,Inverters,42.84,151,6468.84
SUP1,2024-09-22,2024-09-29,2024-10-09,P002,Converters,58.33,77,4491.41
SUP3,2024-09-24,2024-10-04,2024-10-13,P001,Inverters,37.96,125,4745.0
SUP3,2025-05-17,2025-05-24,2025-06-03,P002,Converters,54.92,125,6865.0
SUP2,2025-02-25,2025-02-26,2025-03-06,P001,Inverters,34.67,161,5581.87
SUP1,2024-11-12,2024-11-19,2024-11-27,P001,Inverters,36.33,25,908.25
SUP1,2024-11-05,2024-11-10,2024-11-11,P005,Struts,359.07,162,58169.34
SUP2,2024-12-12,2024-12-15,2024-12-25,P001,Inverters,41.67,110,4583.7
SUP1,2024-10-14,2024-10-27,2024-11-01,P002,Converters,44.49,40,1779.6
SUP3,2024-08-28,2024-08-31,2024-09-04,P001,Inverters,45.14,176,7944.64
SUP1,2025-01-05,2025-01-09,2025-01-11,P002,Converters,50.3,133,6689.9
SUP2,2025-01-07,2025-01-20,2025-01-28,P001,Inverters,48.59,109,5296.31
SUP2,2025-02-21,2025-03-05,2025-03-08,P002,Converters,45.91,156,7161.96
SUP1,2025-02-22,2025-02-24,2025-02-28,P004,Shock Absorbers,144.71,37,5354.27
SUP2,2024-11-19,2024-11-21,2024-11-28,P001,Inverters,33.85,88,2978.8
SUP2,2024-10-14,2024-10-15,2024-10-25,P003,Onboard Chargers,95.35,164,15637.4
SUP2,2024-12-03,2024-12-18,2024-12-27,P003,Onboard Chargers,91.05,178,16206.9
SUP2,2025-01-23,2025-01-28,2025-01-30,P003,Onboard Chargers,108.24,109,11798.16
SUP1,2024-08-10,2024-08-14,2024-08-17,P003,Onboard Chargers,104.85,149,15622.65
SUP1,2024-10-26,2024-11-06,2024-11-10,P001,Inverters,32.47,101,3279.47
SUP2,2025-05-25,2025-06-04,2025-06-14,P002,Converters,48.0,135,6480.0
SUP3,2024-09-13,2024-09-28,2024-09-29,P005,Struts,339.58,43,14601.94
SUP1,2024-12-30,2025-01-01,2025-01-08,P003,Onboard Chargers,100.15,87,8713.05
SUP3,2025-06-01,2025-06-04,2025-06-06,P002,Converters,49.48,159,7867.32
SUP1,2024-09-20,2024-09-27,2024-10-02,P005,Struts,395.3,131,51784.3
SUP1,2024-10-03,2024-10-10,2024-10-11,P003,Onboard Chargers,100.32,47,4715.04
SUP1,2025-01-15,2025-01-27,2025-01-30,P002,Converters,46.49,110,5113.9
SUP3,2024-10-04,2024-10-08,2024-10-10,P005,Struts,335.01,54,18090.54
SUP3,2025-02-16,2025-02-21,2025-02-22,P004,Shock Absorbers,161.45,159,25670.55
SUP1,2024-09-25,2024-09-30,2024-10-07,P002,Converters,49.26,67,3300.42
SUP1,2025-07-15,2025-07-21,2025-07-26,P005,Struts,329.15,138,45422.7
SUP2,2025-04-20,2025-05-04,2025-05-05,P004,Shock Absorbers,156.0,173,26988.0
SUP1,2025-02-23,2025-03-04,2025-03-10,P003,Onboard Chargers,117.89,198,23342.22
SUP2,2025-01-03,2025-01-05,2025-01-10,P002,Converters,49.64,179,8885.56
SUP2,2024-08-10,2024-08-15,2024-08-18,P002,Converters,59.32,116,6881.12
SUP3,2025-06-28,2025-07-10,2025-07-17,P004,Shock Absorbers,140.07,66,9244.62
SUP2,2025-03-06,2025-03-09,2025-03-19,P001,Inverters,49.51,23,1138.73
SUP2,2025-04-22,2025-04-26,2025-05-05,P005,Struts,387.19,184,71242.96
SUP2,2024-08-08,2024-08-18,2024-08-27,P003,Onboard Chargers,91.52,111,10158.72
SUP3,2025-03-15,2025-03-21,2025-03-30,P002,Converters,45.81,34,1557.54
SUP2,2025-07-26,2025-08-07,2025-08-09,P002,Converters,55.16,92,5074.72
SUP1,2025-07-08,2025-07-16,2025-07-19,P002,Converters,55.72,27,1504.44
SUP3,2024-12-13,2024-12-14,2024-12-21,P003,Onboard Chargers,113.97,44,5014.68
SUP2,2025-03-06,2025-03-16,2025-03-21,P004,Shock Absorbers,136.86,163,22308.18
SUP1,2024-12-14,2024-12-28,2024-12-30,P003,Onboard Chargers,101.38,166,16829.08
SUP3,2025-05-25,2025-06-02,2025-06-05,P003,Onboard Chargers,93.41,24,2241.84
SUP3,2025-01-14,2025-01-25,2025-02-04,P005,Struts,334.85,104,34824.4
SUP1,2024-11-26,2024-12-10,2024-12-16,P004,Shock Absorbers,170.36,179,30494.44
SUP1,2024-09-29,2024-10-06,2024-10-13,P003,Onboard Chargers,100.32,99,9931.68
SUP3,2025-01-09,2025-01-10,2025-01-19,P003,Onboard Chargers,100.49,160,16078.4
SUP3,2024-09-09,2024-09-11,2024-09-12,P005,Struts,386.34,66,25498.44
SUP3,2024-12-11,2024-12-14,2024-12-21,P002,Converters,56.47,72,4065.84
SUP2,2024-11-21,2024-11-22,2024-11-30,P001,Inverters,42.44,158,6705.52
SUP3,2024-12-05,2024-12-19,2024-12-22,P001,Inverters,47.71,137,6536.27
SUP3,2024-11-16,2024-11-25,2024-11-29,P003,Onboard Chargers,115.2,170,19584.0
SUP1,2025-03-30,2025-04-07,2025-04-17,P002,Converters,43.18,105,4533.9
SUP2,2025-06-15,2025-06-17,2025-06-23,P001,Inverters,32.87,94,3089.78
SUP2,2025-07-31,2025-08-13,2025-08-23,P004,Shock Absorbers,135.6,198,26848.8
SUP1,2025-03-25,2025-04-03,2025-04-10,P002,Converters,51.73,28,1448.44
SUP1,2025-06-26,2025-07-03,2025-07-07,P003,Onboard Chargers,104.86,152,15938.72
SUP1,2025-07-05,2025-07-14,2025-07-22,P002,Converters,57.47,87,4999.89
SUP1,2025-05-31,2025-06-06,2025-06-11,P002,Converters,49.33,153,7547.49
SUP2,2024-10-03,2024-10-09,2024-10-10,P003,Onboard Chargers,99.25,52,5161.0
SUP2,2024-09-07,2024-09-18,2024-09-22,P005,Struts,383.22,42,16095.24
SUP3,2025-05-16,2025-05-30,2025-06-02,P001,Inverters,39.89,141,5624.49
SUP2,2025-06-23,2025-06-27,2025-07-06,P001,Inverters,48.76,33,1609.08
SUP3,2024-09-27,2024-10-07,2024-10-15,P001,Inverters,41.72,80,3337.6
SUP2,2024-10-17,2024-10-27,2024-10-28,P005,Struts,364.68,148,53972.64
SUP3,2024-08-05,2024-08-18,2024-08-24,P002,Converters,57.61,164,9448.04
SUP3,2025-06-21,2025-07-04,2025-07-13,P003,Onboard Chargers,107.15,70,7500.5
SUP2,2025-04-18,2025-04-20,2025-04-27,P004,Shock Absorbers,146.89,80,11751.2
SUP3,2024-11-04,2024-11-11,2024-11-15,P005,Struts,396.14,92,36444.88
SUP3,2025-04-09,2025-04-14,2025-04-15,P001,Inverters,30.99,86,2665.14
SUP2,2024-10-22,2024-11-02,2024-11-04,P001,Inverters,46.29,193,8933.97
SUP2,2024-12-25,2024-12-31,2025-01-05,P002,Converters,53.34,155,8267.7
SUP1,2024-09-08,2024-09-10,2024-09-15,P001,Inverters,45.58,162,7383.96
SUP3,2025-03-01,2025-03-06,2025-03-14,P001,Inverters,45.71,163,7450.73
SUP3,2024-10-13,2024-10-23,2024-10-29,P003,Onboard Chargers,119.11,138,16437.18
SUP1,2025-07-28,2025-08-01,2025-08-09,P004,Shock Absorbers,133.43,84,11208.12
SUP3,2024-11-08,2024-11-17,2024-11-19,P001,Inverters,48.93,44,2152.92
SUP1,2024-10-19,2024-10-25,2024-10-28,P004,Shock Absorbers,162.83,75,12212.25
SUP3,2024-09-18,2024-09-20,2024-09-26,P004,Shock Absorbers,173.56,79,13711.24
SUP3,2024-09-10,2024-09-11,2024-09-21,P002,Converters,47.13,180,8483.4
SUP2,2024-08-30,2024-09-04,2024-09-07,P005,Struts,370.84,97,35971.48
SUP1,2025-07-04,2025-07-13,2025-07-19,P001,Inverters,33.82,96,3246.72
SUP2,2025-01-03,2025-01-09,2025-01-15,P005,Struts,365.21,161,58798.81
SUP2,2025-06-23,2025-07-03,2025-07-05,P002,Converters,47.17,65,3066.05
SUP2,2024-11-01,2024-11-13,2024-11-20,P005,Struts,352.51,151,53229.01
SUP3,2024-08-26,2024-09-02,2024-09-04,P003,Onboard Chargers,94.9,124,11767.6
SUP2,2025-06-15,2025-06-20,2025-06-26,P004,Shock Absorbers,166.28,174,28932.72
SUP1,2024-09-16,2024-09-26,2024-09-27,P005,Struts,317.18,135,42819.3
SUP3,2025-05-24,2025-05-30,2025-06-02,P001,Inverters,43.19,135,5830.65
SUP1,2025-05-07,2025-05-12,2025-05-14,P004,Shock Absorbers,144.83,155,22448.65
SUP1,2025-05-08,2025-05-19,2025-05-26,P001,Inverters,31.09,187,5813.83
SUP2,2025-02-21,2025-03-02,2025-03-06,P001,Inverters,39.55,29,1146.95
SUP2,2025-02-08,2025-02-23,2025-03-03,P002,Converters,59.39,98,5820.22
SUP3,2025-02-24,2025-03-02,2025-03-08,P005,Struts,389.95,186,72530.7
SUP3,2024-10-26,2024-11-06,2024-11-16,P003,Onboard Chargers,114.99,196,22538.04
SUP3,2024-10-14,2024-10-22,2024-10-26,P001,Inverters,36.09,169,6099.21
SUP2,2025-04-07,2025-04-09,2025-04-14,P002,Converters,46.36,159,7371.24
SUP1,2025-01-01,2025-01-13,2025-01-22,P003,Onboard Chargers,99.75,71,7082.25
SUP1,2025-03-09,2025-03-22,2025-03-29,P005,Struts,331.12,148,49005.76
SUP1,2025-05-12,2025-05-21,2025-05-31,P003,Onboard Chargers,101.96,91,9278.36
SUP3,2024-10-25,2024-10-30,2024-11-08,P002,Converters,51.29,86,4410.94
SUP1,2024-09-14,2024-09-21,2024-09-28,P004,Shock Absorbers,148.97,118,17578.46
SUP1,2024-09-22,2024-10-02,2024-10-03,P003,Onboard Chargers,94.79,107,10142.53
SUP1,2024-12-15,2024-12-28,2025-01-05,P005,Struts,398.81,138,55035.78
SUP1,2024-11-30,2024-12-01,2024-12-05,P003,Onboard Chargers,106.39,60,6383.4
SUP3,2024-08-05,2024-08-15,2024-08-18,P005,Struts,384.01,32,12288.32
SUP2,2025-06-04,2025-06-09,2025-06-16,P003,Onboard Chargers,92.72,184,17060.48
SUP2,2025-01-05,2025-01-17,2025-01-20,P001,Inverters,30.69,65,1994.85
SUP3,2024-08-30,2024-09-13,2024-09-21,P002,Converters,55.02,166,9133.32
SUP2,2024-12-07,2024-12-17,2024-12-23,P001,Inverters,41.49,38,1576.62
SUP3,2025-04-29,2025-05-13,2025-05-18,P003,Onboard Chargers,118.03,176,20773.28
SUP3,2024-08-26,2024-08-28,2024-09-01,P004,Shock Absorbers,133.78,47,6287.66
SUP1,2025-01-26,2025-02-07,2025-02-15,P004,Shock Absorbers,128.84,36,4638.24
SUP2,2024-11-10,2024-11-16,2024-11-24,P004,Shock Absorbers,174.7,31,5415.7
SUP1,2025-02-06,2025-02-17,2025-02-18,P003,Onboard Chargers,93.01,183,17020.83
SUP1,2025-02-28,2025-03-01,2025-03-10,P001,Inverters,31.63,25,790.75
SUP3,2025-03-23,2025-03-26,2025-03-31,P002,Converters,46.04,101,4650.04
SUP2,2025-02-17,2025-02-22,2025-02-26,P004,Shock Absorbers,150.74,117,17636.58
SUP2,2024-09-18,2024-09-22,2024-09-28,P005,Struts,333.02,28,9324.56
SUP1,2025-02-15,2025-02-18,2025-02-24,P005,Struts,365.18,111,40534.98
SUP2,2024-09-09,2024-09-19,2024-09-21,P003,Onboard Chargers,119.9,153,18344.7
SUP2,2024-09-15,2024-09-28,2024-10-06,P004,Shock Absorbers,167.42,128,21429.76
SUP2,2024-11-29,2024-12-04,2024-12-11,P005,Struts,394.9,116,45808.4
SUP1,2025-02-18,2025-03-01,2025-03-02,P005,Struts,342.57,191,65430.87
SUP2,2025-07-14,2025-07-22,2025-07-27,P005,Struts,317.41,82,26027.62
SUP1,2025-05-02,2025-05-13,2025-05-19,P005,Struts,366.69,23,8433.87
SUP3,2025-06-27,2025-07-01,2025-07-05,P003,Onboard Chargers,109.54,139,15226.06
SUP2,2024-12-07,2024-12-08,2024-12-10,P002,Converters,43.84,189,8285.76
SUP1,2025-02-13,2025-02-24,2025-02-28,P004,Shock Absorbers,167.4,97,16237.8
SUP3,2025-05-23,2025-05-30,2025-05-31,P002,Converters,47.84,163,7797.92
SUP3,2025-06-05,2025-06-13,2025-06-20,P001,Inverters,33.11,112,3708.32
SUP3,2024-08-18,2024-08-21,2024-08-23,P003,Onboard Chargers,112.17,73,8188.41
SUP3,2024-08-29,2024-09-04,2024-09-06,P004,Shock Absorbers,132.9,138,18340.2
SUP2,2025-03-06,2025-03-08,2025-03-17,P004,Shock Absorbers,170.55,140,23877.0
SUP1,2024-09-07,2024-09-14,2024-09-19,P003,Onboard Chargers,110.59,176,19463.84
SUP2,2025-06-01,2025-06-16,2025-06-18,P005,Struts,360.09,93,33488.37
SUP3,2024-08-08,2024-08-16,2024-08-25,P001,Inverters,36.53,38,1388.14
SUP3,2024-08-05,2024-08-11,2024-08-20,P004,Shock Absorbers,146.41,72,10541.52
SUP3,2025-03-02,2025-03-08,2025-03-09,P005,Struts,367.91,46,16923.86
SUP2,2024-09-27,2024-10-02,2024-10-05,P001,Inverters,43.87,117,5132.79
SUP3,2025-03-01,2025-03-09,2025-03-13,P002,Converters,50.69,90,4562.1
SUP2,2025-06-24,2025-06-25,2025-07-02,P005,Struts,381.79,71,27107.09
SUP3,2024-10-21,2024-10-31,2024-11-10,P005,Struts,306.14,44,13470.16
SUP2,2024-12-12,2024-12-16,2024-12-20,P005,Struts,373.09,173,64544.57
SUP1,2025-05-11,2025-05-26,2025-05-28,P001,Inverters,30.68,152,4663.36
SUP2,2025-04-27,2025-05-01,2025-05-08,P004,Shock Absorbers,153.7,64,9836.8
SUP2,2025-02-23,2025-02-26,2025-03-04,P002,Converters,54.48,80,4358.4
SUP3,2025-04-15,2025-04-18,2025-04-21,P002,Converters,54.43,63,3429.09
SUP3,2025-07-01,2025-07-05,2025-07-11,P002,Converters,48.77,112,5462.24
SUP2,2025-02-04,2025-02-15,2025-02-21,P001,Inverters,40.81,191,7794.71
SUP2,2024-09-05,2024-09-06,2024-09-11,P003,Onboard Chargers,96.94,161,15607.34
SUP3,2025-01-28,2025-02-11,2025-02-15,P002,Converters,56.51,161,9098.11
SUP1,2024-08-03,2024-08-14,2024-08-24,P005,Struts,332.13,97,32216.61
SUP3,2025-03-23,2025-04-05,2025-04-06,P002,Converters,51.92,117,6074.64
SUP2,2024-12-16,2024-12-27,2025-01-06,P002,Converters,47.7,178,8490.6
SUP3,2025-07-05,2025-07-07,2025-07-13,P002,Converters,50.65,99,5014.35
SUP3,2025-01-20,2025-01-29,2025-01-31,P001,Inverters,46.43,116,5385.88
SUP3,2025-07-07,2025-07-17,2025-07-20,P004,Shock Absorbers,130.01,71,9230.71
SUP2,2025-04-12,2025-04-14,2025-04-22,P003,Onboard Chargers,92.1,161,14828.1
SUP3,2025-04-15,2025-04-20,2025-04-30,P002,Converters,58.77,112,6582.24
SUP1,2025-07-28,2025-08-06,2025-08-12,P003,Onboard Chargers,108.23,23,2489.29
SUP1,2025-06-28,2025-07-07,2025-07-10,P005,Struts,355.13,148,52559.24
SUP2,2025-03-10,2025-03-18,2025-03-25,P005,Struts,332.12,62,20591.44
SUP1,2024-12-20,2024-12-21,2024-12-25,P001,Inverters,34.79,48,1669.92
SUP3,2025-04-30,2025-05-01,2025-05-10,P003,Onboard Chargers,117.45,169,19849.05
SUP3,2024-09-24,2024-10-03,2024-10-08,P003,Onboard Chargers,107.32,73,7834.36
SUP2,2024-09-11,2024-09-24,2024-09-27,P004,Shock Absorbers,151.75,111,16844.25
SUP1,2025-01-26,2025-02-06,2025-02-08,P005,Struts,316.85,53,16793.05
SUP2,2025-06-01,2025-06-09,2025-06-11,P003,Onboard Chargers,100.82,25,2520.5
SUP1,2025-07-21,2025-07-31,2025-08-03,P005,Struts,337.08,110,37078.8
SUP3,2024-11-26,2024-12-05,2024-12-07,P003,Onboard Chargers,100.8,188,18950.4
SUP3,2024-08-06,2024-08-13,2024-08-17,P001,Inverters,31.52,170,5358.4
SUP1,2024-09-28,2024-10-01,2024-10-03,P005,Struts,355.0,29,10295.0
SUP3,2024-09-05,2024-09-08,2024-09-18,P005,Struts,310.52,146,45335.92
SUP2,2025-01-27,2025-01-29,2025-02-07,P005,Struts,359.32,84,30182.88
SUP2,2024-08-19,2024-08-24,2024-08-26,P002,Converters,45.87,29,1330.23
SUP2,2025-01-10,2025-01-22,2025-01-31,P001,Inverters,46.8,68,3182.4
SUP1,2025-06-16,2025-06-28,2025-07-04,P001,Inverters,34.45,177,6097.65
SUP1,2024-09-12,2024-09-15,2024-09-16,P004,Shock Absorbers,147.29,80,11783.2
SUP1,2024-11-16,2024-11-30,2024-12-04,P003,Onboard Chargers,111.9,68,7609.2
SUP1,2025-06-15,2025-06-21,2025-06-22,P004,Shock Absorbers,157.04,80,12563.2
SUP3,2024-11-02,2024-11-04,2024-11-10,P003,Onboard Chargers,91.05,115,10470.75
SUP3,2025-07-19,2025-07-31,2025-08-04,P003,Onboard Chargers,109.32,198,21645.36
SUP1,2024-08-15,2024-08-18,2024-08-21,P005,Struts,353.44,127,44886.88
SUP2,2025-01-02,2025-01-07,2025-01-10,P005,Struts,386.47,22,8502.34
SUP1,2025-05-20,2025-06-01,2025-06-10,P002,Converters,44.7,123,5498.1
SUP3,2025-05-17,2025-05-28,2025-06-03,P002,Converters,53.97,95,5127.15
SUP2,2025-06-10,2025-06-21,2025-06-30,P003,Onboard Chargers,106.38,88,9361.44
SUP2,2025-01-12,2025-01-13,2025-01-18,P005,Struts,365.6,166,60689.6
SUP2,2025-03-22,2025-04-04,2025-04-06,P001,Inverters,37.01,34,1258.34
SUP3,2024-10-23,2024-10-24,2024-11-01,P001,Inverters,41.54,199,8266.46
SUP3,2025-02-20,2025-03-02,2025-03-07,P004,Shock Absorbers,148.83,181,26938.23
SUP1,2025-06-03,2025-06-12,2025-06-14,P002,Converters,59.73,173,10333.29
SUP1,2025-03-27,2025-04-03,2025-04-07,P004,Shock Absorbers,156.04,152,23718.08
SUP3,2024-08-11,2024-08-12,2024-08-21,P001,Inverters,34.25,171,5856.75
SUP1,2024-11-21,2024-12-06,2024-12-10,P001,Inverters,46.35,136,6303.6
SUP3,2025-06-06,2025-06-18,2025-06-22,P002,Converters,46.31,184,8521.04
SUP1,2025-02-28,2025-03-14,2025-03-16,P002,Converters,56.01,142,7953.42
SUP2,2025-04-07,2025-04-15,2025-04-21,P003,Onboard Chargers,106.46,112,11923.52
SUP1,2024-12-16,2024-12-19,2024-12-21,P001,Inverters,41.18,152,6259.36
SUP1,2025-06-12,2025-06-20,2025-06-27,P005,Struts,348.65,39,13597.35
SUP2,2025-01-18,2025-02-02,2025-02-05,P005,Struts,325.6,41,13349.6
SUP3,2025-05-13,2025-05-18,2025-05-21,P003,Onboard Chargers,92.18,40,3687.2
SUP1,2024-11-19,2024-11-20,2024-11-25,P004,Shock Absorbers,135.34,106,14346.04
SUP2,2025-02-01,2025-02-08,2025-02-11,P004,Shock Absorbers,155.15,66,10239.9
SUP2,2024-08-03,2024-08-08,2024-08-10,P005,Struts,305.13,168,51261.84
SUP2,2025-04-22,2025-04-28,2025-05-08,P002,Converters,42.04,100,4204.0
SUP3,2025-03-20,2025-03-26,2025-04-04,P001,Inverters,37.17,78,2899.26
SUP2,2025-02-04,2025-02-12,2025-02-14,P001,Inverters,32.85,47,1543.95
SUP2,2025-05-26,2025-06-04,2025-06-06,P002,Converters,43.46,87,3781.02
SUP3,2024-10-19,2024-10-21,2024-10-29,P004,Shock Absorbers,144.28,54,7791.12
SUP1,2025-05-31,2025-06-09,2025-06-18,P003,Onboard Chargers,99.01,157,15544.57
SUP2,2025-06-14,2025-06-26,2025-07-03,P005,Struts,333.59,147,49037.73
SUP3,2025-07-02,2025-07-17,2025-07-20,P005,Struts,339.69,35,11889.15
SUP3,2025-05-04,2025-05-15,2025-05-24,P003,Onboard Chargers,110.5,57,6298.5
SUP2,2025-04-27,2025-05-07,2025-05-10,P004,Shock Absorbers,133.35,174,23202.9
SUP2,2025-01-16,2025-01-25,2025-01-30,P003,Onboard Chargers,102.02,185,18873.7
SUP1,2025-06-13,2025-06-26,2025-07-05,P005,Struts,340.73,109,37139.57
SUP2,2025-01-12,2025-01-22,2025-01-25,P001,Inverters,30.27,162,4903.74
SUP1,2025-06-03,2025-06-18,2025-06-25,P005,Struts,379.48,92,34912.16
SUP3,2025-03-25,2025-04-04,2025-04-05,P004,Shock Absorbers,160.1,148,23694.8
SUP2,2025-07-04,2025-07-11,2025-07-15,P002,Converters,54.31,37,2009.47
SUP3,2024-08-04,2024-08-05,2024-08-09,P004,Shock Absorbers,144.61,85,12291.85
SUP1,2025-05-19,2025-05-26,2025-06-02,P005,Struts,393.37,104,40910.48
SUP3,2024-10-22,2024-11-01,2024-11-09,P001,Inverters,37.35,162,6050.7
SUP3,2024-11-12,2024-11-17,2024-11-18,P003,Onboard Chargers,90.75,116,10527.0
SUP2,2025-07-17,2025-07-23,2025-07-28,P005,Struts,325.45,139,45237.55
SUP2,2024-11-29,2024-12-09,2024-12-16,P001,Inverters,41.34,158,6531.72
SUP1,2025-06-16,2025-06-23,2025-06-27,P005,Struts,306.69,185,56737.65
SUP3,2024-12-05,2024-12-19,2024-12-23,P005,Struts,347.18,47,16317.46
SUP3,2025-04-30,2025-05-15,2025-05-19,P004,Shock Absorbers,147.76,163,24084.88
SUP2,2025-03-12,2025-03-17,2025-03-23,P002,Converters,56.84,97,5513.48
SUP2,2024-11-05,2024-11-12,2024-11-19,P001,Inverters,48.57,166,8062.62
SUP3,2024-10-08,2024-10-17,2024-10-19,P005,Struts,336.79,38,12798.02
SUP3,2024-09-26,2024-09-29,2024-10-04,P003,Onboard Chargers,92.42,165,15249.3
SUP1,2025-07-26,2025-08-03,2025-08-07,P003,Onboard Chargers,100.27,151,15140.77
SUP3,2025-03-18,2025-03-20,2025-03-23,P005,Struts,372.09,32,11906.88
SUP1,2025-02-25,2025-03-08,2025-03-15,P001,Inverters,44.04,192,8455.68
SUP1,2024-11-17,2024-11-24,2024-11-30,P005,Struts,369.22,190,70151.8
SUP3,2024-09-16,2024-09-29,2024-10-06,P005,Struts,387.56,167,64722.52
SUP2,2024-10-30,2024-11-01,2024-11-06,P002,Converters,41.35,56,2315.6
SUP3,2025-02-28,2025-03-15,2025-03-21,P001,Inverters,37.75,95,3586.25
SUP1,2024-11-01,2024-11-15,2024-11-20,P005,Struts,385.01,56,21560.56
SUP2,2024-12-19,2024-12-23,2024-12-30,P001,Inverters,31.37,45,1411.65
SUP2,2025-03-20,2025-03-27,2025-03-29,P004,Shock Absorbers,148.99,31,4618.69
SUP2,2025-01-26,2025-01-29,2025-02-03,P003,Onboard Chargers,103.49,91,9417.59
SUP3,2024-08-15,2024-08-17,2024-08-23,P002,Converters,55.33,160,8852.8
SUP1,2024-10-26,2024-11-06,2024-11-12,P002,Converters,51.25,129,6611.25
SUP3,2024-09-30,2024-10-10,2024-10-15,P005,Struts,319.08,132,42118.56
SUP3,2025-02-06,2025-02-13,2025-02-23,P002,Converters,50.33,56,2818.48
SUP3,2024-09-24,2024-09-25,2024-10-02,P001,Inverters,45.3,91,4122.3
SUP1,2024-09-23,2024-10-07,2024-10-17,P003,Onboard Chargers,98.71,71,7008.41
SUP3,2025-05-21,2025-06-05,2025-06-13,P005,Struts,330.7,192,63494.4
SUP2,2025-06-10,2025-06-18,2025-06-25,P004,Shock Absorbers,138.83,188,26100.04
SUP2,2025-06-12,2025-06-15,2025-06-20,P004,Shock Absorbers,157.51,140,22051.4
SUP2,2024-12-22,2025-01-03,2025-01-04,P003,Onboard Chargers,119.41,161,19225.01
SUP3,2024-08-23,2024-09-04,2024-09-09,P005,Struts,370.93,110,40802.3
SUP3,2025-07-17,2025-07-30,2025-08-09,P003,Onboard Chargers,113.12,101,11425.12
SUP1,2025-04-17,2025-04-19,2025-04-21,P004,Shock Absorbers,128.61,23,2958.03
SUP1,2025-07-05,2025-07-08,2025-07-13,P004,Shock Absorbers,138.18,33,4559.94
SUP1,2025-01-16,2025-01-21,2025-01-26,P004,Shock Absorbers,133.43,21,2802.03
SUP2,2025-01-12,2025-01-23,2025-01-25,P002,Converters,55.22,116,6405.52
SUP2,2025-04-24,2025-05-02,2025-05-07,P001,Inverters,36.86,126,4644.36
SUP3,2024-09-20,2024-09-30,2024-10-04,P002,Converters,55.34,193,10680.62
SUP2,2024-10-24,2024-10-31,2024-11-01,P001,Inverters,49.46,80,3956.8
SUP2,2025-02-13,2025-02-20,2025-02-23,P002,Converters,47.59,180,8566.2
SUP1,2025-03-15,2025-03-27,2025-03-28,P005,Struts,389.86,73,28459.78
SUP2,2024-09-18,2024-09-25,2024-09-30,P005,Struts,379.91,118,44829.38
SUP2,2025-07-28,2025-08-12,2025-08-16,P002,Converters,43.28,31,1341.68
SUP1,2024-09-12,2024-09-20,2024-09-27,P002,Converters,41.32,178,7354.96
SUP3,2025-05-19,2025-05-20,2025-05-25,P004,Shock Absorbers,143.13,23,3291.99
SUP3,2024-08-05,2024-08-09,2024-08-19,P003,Onboard Chargers,111.44,155,17273.2
SUP3,2025-02-10,2025-02-23,2025-02-27,P004,Shock Absorbers,146.69,148,21710.12
SUP1,2024-11-20,2024-11-26,2024-11-28,P001,Inverters,49.07,26,1275.82
SUP3,2024-12-31,2025-01-09,2025-01-13,P004,Shock Absorbers,162.6,139,22601.4
SUP2,2024-10-25,2024-11-07,2024-11-09,P005,Struts,344.36,29,9986.44
SUP2,2025-01-30,2025-02-01,2025-02-09,P004,Shock Absorbers,154.44,76,11737.44
SUP1,2024-10-26,2024-10-27,2024-10-30,P002,Converters,44.46,141,6268.86
SUP1,2025-06-20,2025-07-03,2025-07-12,P003,Onboard Chargers,95.29,93,8861.97
SUP3,2024-11-28,2024-12-08,2024-12-12,P003,Onboard Chargers,118.04,63,7436.52
SUP2,2025-03-20,2025-04-01,2025-04-07,P004,Shock Absorbers,141.63,124,17562.12
SUP1,2025-04-16,2025-04-30,2025-05-10,P002,Converters,54.11,169,9144.59
SUP1,2025-01-13,2025-01-15,2025-01-20,P002,Converters,43.29,121,5238.09
SUP2,2024-11-10,2024-11-17,2024-11-27,P002,Converters,52.69,111,5848.59
SUP2,2025-03-17,2025-03-20,2025-03-21,P005,Struts,366.16,32,11717.12
SUP2,2024-09-27,2024-10-07,2024-10-16,P002,Converters,54.61,33,1802.13
SUP2,2024-11-21,2024-11-23,2024-11-24,P005,Struts,310.13,174,53962.62
SUP2,2024-11-03,2024-11-17,2024-11-25,P001,Inverters,36.78,21,772.38
SUP1,2025-04-21,2025-05-02,2025-05-11,P001,Inverters,46.03,63,2899.89
SUP1,2024-10-15,2024-10-22,2024-10-31,P002,Converters,54.22,198,10735.56
SUP2,2024-09-12,2024-09-25,2024-09-26,P003,Onboard Chargers,101.68,79,8032.72
SUP1,2024-12-24,2025-01-06,2025-01-08,P005,Struts,323.06,170,54920.2
SUP2,2025-02-07,2025-02-09,2025-02-10,P003,Onboard Chargers,110.57,34,3759.38
SUP1,2025-05-09,2025-05-12,2025-05-22,P005,Struts,368.57,136,50125.52
SUP3,2025-03-13,2025-03-24,2025-03-26,P002,Converters,50.44,48,2421.12
SUP2,2025-03-09,2025-03-16,2025-03-26,P003,Onboard Chargers,118.06,200,23612.0
SUP3,2024-08-15,2024-08-29,2024-09-06,P005,Struts,383.77,157,60251.89
SUP3,2025-03-12,2025-03-16,2025-03-21,P002,Converters,43.53,178,7748.34
SUP2,2025-05-23,2025-06-05,2025-06-12,P005,Struts,387.5,140,54250.0
SUP3,2024-12-06,2024-12-20,2024-12-22,P001,Inverters,35.32,53,1871.96
SUP1,2024-08-24,2024-08-25,2024-09-02,P001,Inverters,31.4,154,4835.6
SUP3,2025-03-04,2025-03-17,2025-03-23,P001,Inverters,33.26,187,6219.62
SUP1,2024-10-29,2024-11-12,2024-11-20,P002,Converters,54.35,27,1467.45
SUP2,2025-05-26,2025-05-31,2025-06-01,P002,Converters,40.35,189,7626.15
SUP1,2025-01-07,2025-01-19,2025-01-20,P002,Converters,50.38,65,3274.7
SUP3,2025-02-20,2025-03-01,2025-03-08,P005,Struts,352.44,53,18679.32
SUP1,2025-07-04,2025-07-12,2025-07-20,P001,Inverters,34.49,127,4380.23
SUP1,2024-09-28,2024-10-10,2024-10-13,P003,Onboard Chargers,102.68,150,15402.0
SUP3,2025-06-09,2025-06-24,2025-06-29,P005,Struts,354.09,183,64798.47
SUP1,2024-12-21,2024-12-30,2024-12-31,P001,Inverters,49.25,169,8323.25
SUP2,2025-05-23,2025-06-02,2025-06-09,P005,Struts,325.0,42,13650.0
SUP1,2025-06-11,2025-06-25,2025-06-30,P004,Shock Absorbers,164.42,43,7070.06
SUP3,2025-03-08,2025-03-17,2025-03-25,P003,Onboard Chargers,92.24,193,17802.32
SUP3,2024-08-19,2024-09-03,2024-09-11,P004,Shock Absorbers,133.03,131,17426.93
SUP2,2024-09-21,2024-09-28,2024-10-07,P003,Onboard Chargers,95.52,64,6113.28
SUP2,2025-04-19,2025-04-23,2025-04-30,P004,Shock Absorbers,174.12,134,23332.08
SUP1,2024-11-19,2024-11-24,2024-11-25,P001,Inverters,47.11,87,4098.57
SUP2,2025-04-30,2025-05-01,2025-05-04,P002,Converters,59.05,132,7794.6
SUP2,2024-08-27,2024-09-10,2024-09-18,P003,Onboard Chargers,118.74,145,17217.3
SUP1,2024-12-16,2024-12-17,2024-12-20,P005,Struts,335.26,134,44924.84
SUP3,2025-07-16,2025-07-19,2025-07-27,P001,Inverters,33.78,132,4458.96
SUP3,2024-10-11,2024-10-24,2024-10-25,P003,Onboard Chargers,99.41,143,14215.63
SUP2,2024-09-16,2024-09-30,2024-10-05,P005,Struts,370.62,61,22607.82
SUP1,2025-04-16,2025-04-24,2025-04-28,P002,Converters,55.28,175,9674.0
SUP1,2024-10-21,2024-11-04,2024-11-09,P003,Onboard Chargers,119.32,148,17659.36
SUP2,2024-09-14,2024-09-16,2024-09-24,P003,Onboard Chargers,94.68,130,12308.4
SUP1,2025-06-10,2025-06-14,2025-06-24,P003,Onboard Chargers,90.44,176,15917.44
SUP2,2025-06-03,2025-06-05,2025-06-09,P005,Struts,307.7,115,35385.5
SUP2,2025-07-01,2025-07-15,2025-07-19,P004,Shock Absorbers,128.35,39,5005.65
SUP1,2024-12-11,2024-12-16,2024-12-19,P003,Onboard Chargers,105.58,141,14886.78
SUP2,2025-05-01,2025-05-10,2025-05-17,P002,Converters,50.51,191,9647.41
SUP3,2025-02-15,2025-02-16,2025-02-19,P005,Struts,370.52,81,30012.12
SUP3,2024-08-26,2024-08-31,2024-09-03,P004,Shock Absorbers,128.88,134,17269.92
SUP1,2024-10-22,2024-11-05,2024-11-15,P004,Shock Absorbers,131.34,191,25085.94
SUP3,2024-10-11,2024-10-26,2024-10-31,P002,Converters,41.05,114,4679.7
SUP3,2025-05-28,2025-06-06,2025-06-11,P002,Converters,46.43,61,2832.23
SUP3,2024-08-16,2024-08-31,2024-09-06,P003,Onboard Chargers,104.63,145,15171.35
SUP1,2024-11-30,2024-12-01,2024-12-09,P004,Shock Absorbers,127.87,160,20459.2
SUP2,2025-05-27,2025-06-05,2025-06-15,P002,Converters,51.37,184,9452.08
SUP3,2024-08-19,2024-08-27,2024-09-02,P004,Shock Absorbers,153.06,68,10408.08
SUP1,2025-03-11,2025-03-15,2025-03-16,P004,Shock Absorbers,137.57,107,14719.99
SUP3,2024-08-03,2024-08-15,2024-08-23,P001,Inverters,40.1,168,6736.8
SUP3,2024-09-27,2024-10-08,2024-10-16,P002,Converters,44.25,36,1593.0
SUP3,2024-11-07,2024-11-17,2024-11-26,P004,Shock Absorbers,128.54,26,3342.04
SUP1,2025-01-13,2025-01-18,2025-01-27,P003,Onboard Chargers,106.72,174,18569.28
SUP3,2025-07-11,2025-07-24,2025-07-26,P003,Onboard Chargers,96.14,111,10671.54
SUP1,2025-02-20,2025-02-25,2025-02-27,P001,Inverters,48.83,172,8398.76
SUP2,2024-10-29,2024-11-09,2024-11-12,P004,Shock Absorbers,153.13,45,6890.85
SUP2,2025-04-20,2025-05-02,2025-05-03,P004,Shock Absorbers,130.56,97,12664.32
SUP2,2024-11-05,2024-11-11,2024-11-15,P001,Inverters,37.57,189,7100.73
SUP1,2024-12-08,2024-12-15,2024-12-19,P002,Converters,53.82,42,2260.44
SUP2,2025-05-25,2025-06-02,2025-06-11,P005,Struts,311.52,112,34890.24
SUP1,2025-03-11,2025-03-26,2025-04-04,P002,Converters,58.74,123,7225.02
SUP1,2024-12-25,2025-01-08,2025-01-17,P001,Inverters,49.68,88,4371.84
SUP1,2025-01-26,2025-02-03,2025-02-13,P002,Converters,51.28,165,8461.2
SUP1,2025-05-31,2025-06-11,2025-06-18,P003,Onboard Chargers,91.72,154,14124.88
SUP2,2025-04-11,2025-04-25,2025-04-27,P004,Shock Absorbers,167.47,129,21603.63
SUP3,2025-01-23,2025-02-05,2025-02-15,P002,Converters,58.69,54,3169.26
SUP1,2025-04-26,2025-04-28,2025-05-03,P005,Struts,384.16,171,65691.36
SUP2,2025-05-06,2025-05-15,2025-05-19,P004,Shock Absorbers,161.94,151,24452.94
SUP2,2024-08-28,2024-09-04,2024-09-12,P004,Shock Absorbers,135.07,181,24447.67
SUP3,2025-04-26,2025-04-30,2025-05-02,P005,Struts,375.7,103,38697.1
SUP2,2025-07-28,2025-08-01,2025-08-07,P002,Converters,43.53,64,2785.92
SUP1,2024-08-01,2024-08-12,2024-08-17,P004,Shock Absorbers,139.09,139,19333.51
SUP2,2024-08-27,2024-09-04,2024-09-06,P003,Onboard Chargers,105.74,32,3383.68
SUP1,2025-06-24,2025-06-28,2025-07-08,P001,Inverters,49.88,191,9527.08
SUP2,2024-09-11,2024-09-24,2024-09-25,P003,Onboard Chargers,93.99,62,5827.38
SUP1,2024-08-02,2024-08-17,2024-08-25,P005,Struts,387.25,70,27107.5
SUP1,2024-10-12,2024-10-18,2024-10-20,P001,Inverters,38.46,26,999.96
SUP3,2025-04-08,2025-04-13,2025-04-20,P004,Shock Absorbers,159.54,199,31748.46
SUP1,2025-02-20,2025-02-23,2025-03-04,P001,Inverters,37.42,174,6511.08
SUP1,2025-06-10,2025-06-23,2025-07-02,P002,Converters,58.87,159,9360.33
SUP2,2024-08-22,2024-09-05,2024-09-13,P003,Onboard Chargers,111.69,178,19880.82
SUP3,2025-02-25,2025-03-07,2025-03-17,P001,Inverters,32.17,62,1994.54
SUP1,2025-04-05,2025-04-16,2025-04-25,P002,Converters,45.96,168,7721.28
SUP1,2024-12-31,2025-01-02,2025-01-04,P001,Inverters,47.83,42,2008.86
SUP3,2025-05-25,2025-06-03,2025-06-09,P002,Converters,56.72,118,6692.96
SUP1,2024-10-10,2024-10-20,2024-10-24,P001,Inverters,32.7,32,1046.4
SUP1,2025-01-25,2025-02-03,2025-02-07,P003,Onboard Chargers,101.4,43,4360.2
SUP3,2025-03-27,2025-03-28,2025-04-02,P003,Onboard Chargers,119.84,105,12583.2
SUP3,2025-01-17,2025-01-27,2025-01-30,P003,Onboard Chargers,113.35,31,3513.85
SUP2,2024-11-03,2024-11-06,2024-11-07,P004,Shock Absorbers,138.62,126,17466.12
SUP1,2025-04-27,2025-05-05,2025-05-13,P003,Onboard Chargers,90.37,98,8856.26
SUP1,2025-05-01,2025-05-07,2025-05-12,P001,Inverters,48.38,93,4499.34
SUP3,2025-06-29,2025-07-04,2025-07-07,P004,Shock Absorbers,170.39,22,3748.58
SUP3,2024-11-21,2024-11-26,2024-12-06,P001,Inverters,47.34,170,8047.8
SUP3,2025-07-30,2025-08-05,2025-08-12,P003,Onboard Chargers,115.29,122,14065.38
SUP2,2024-10-10,2024-10-25,2024-11-01,P001,Inverters,47.07,24,1129.68
SUP2,2024-09-12,2024-09-19,2024-09-20,P003,Onboard Chargers,91.29,163,14880.27
SUP2,2025-03-21,2025-03-22,2025-03-31,P002,Converters,58.96,38,2240.48
SUP3,2025-07-19,2025-07-28,2025-07-30,P001,Inverters,42.89,23,986.47
SUP3,2025-05-24,2025-05-27,2025-06-01,P002,Converters,59.94,126,7552.44
SUP1,2024-08-06,2024-08-10,2024-08-15,P004,Shock Absorbers,160.74,72,11573.28
SUP1,2025-07-14,2025-07-24,2025-08-01,P004,Shock Absorbers,136.75,39,5333.25
SUP1,2025-02-06,2025-02-07,2025-02-15,P001,Inverters,33.48,32,1071.36
SUP1,2025-04-20,2025-05-03,2025-05-10,P004,Shock Absorbers,174.04,43,7483.72
SUP3,2025-06-03,2025-06-14,2025-06-21,P001,Inverters,49.97,165,8245.05
SUP3,2025-07-20,2025-07-30,2025-08-05,P003,Onboard Chargers,113.1,107,12101.7
SUP2,2025-03-16,2025-03-19,2025-03-25,P001,Inverters,33.86,43,1455.98
SUP2,2024-12-31,2025-01-02,2025-01-11,P003,Onboard Chargers,109.03,156,17008.68
SUP1,2025-05-03,2025-05-05,2025-05-11,P003,Onboard Chargers,111.14,171,19004.94
SUP2,2025-01-16,2025-01-30,2025-02-01,P003,Onboard Chargers,97.4,153,14902.2
SUP2,2025-01-23,2025-01-24,2025-01-26,P001,Inverters,46.53,118,5490.54
SUP1,2025-06-15,2025-06-23,2025-06-28,P003,Onboard Chargers,118.67,51,6052.17
SUP1,2025-06-24,2025-06-27,2025-07-01,P002,Converters,42.19,71,2995.49
SUP1,2025-01-23,2025-01-26,2025-01-28,P004,Shock Absorbers,155.34,136,21126.24
SUP1,2025-05-06,2025-05-12,2025-05-15,P003,Onboard Chargers,96.62,130,12560.6
SUP3,2025-07-20,2025-08-02,2025-08-09,P003,Onboard Chargers,102.9,86,8849.4
SUP2,2025-06-27,2025-07-05,2025-07-13,P005,Struts,355.94,190,67628.6
SUP3,2024-08-08,2024-08-21,2024-08-27,P005,Struts,382.1,90,34389.0
SUP3,2025-01-21,2025-02-05,2025-02-10,P003,Onboard Chargers,111.92,115,12870.8
SUP2,2025-01-30,2025-02-08,2025-02-09,P002,Converters,50.28,193,9704.04
SUP2,2025-07-26,2025-08-04,2025-08-12,P001,Inverters,46.32,126,5836.32
SUP1,2025-03-01,2025-03-05,2025-03-08,P001,Inverters,43.62,122,5321.64
SUP2,2025-01-02,2025-01-16,2025-01-22,P003,Onboard Chargers,100.15,150,15022.5
SUP1,2025-03-14,2025-03-19,2025-03-22,P005,Struts,314.7,175,55072.5
SUP1,2024-12-02,2024-12-04,2024-12-11,P003,Onboard Chargers,103.54,114,11803.56
SUP2,2025-07-08,2025-07-19,2025-07-26,P005,Struts,363.48,92,33440.16
SUP2,2025-04-15,2025-04-24,2025-05-03,P005,Struts,350.22,61,21363.42
SUP3,2025-01-16,2025-01-24,2025-01-29,P003,Onboard Chargers,105.28,140,14739.2
SUP2,2025-04-14,2025-04-17,2025-04-25,P003,Onboard Chargers,92.12,146,13449.52
SUP3,2024-08-01,2024-08-12,2024-08-22,P005,Struts,334.13,169,56467.97
SUP3,2025-04-07,2025-04-19,2025-04-29,P001,Inverters,37.83,174,6582.42
SUP2,2025-02-05,2025-02-18,2025-02-26,P002,Converters,59.35,182,10801.7
SUP2,2025-04-07,2025-04-16,2025-04-17,P002,Converters,41.23,173,7132.79
SUP3,2025-05-17,2025-05-20,2025-05-25,P002,Converters,45.18,82,3704.76
SUP1,2025-01-04,2025-01-13,2025-01-16,P002,Converters,41.47,178,7381.66
SUP3,2024-10-08,2024-10-10,2024-10-11,P002,Converters,45.2,175,7910.0
SUP1,2025-04-26,2025-05-08,2025-05-12,P002,Converters,57.43,70,4020.1
SUP3,2025-06-03,2025-06-13,2025-06-21,P005,Struts,325.83,70,22808.1
SUP2,2025-02-09,2025-02-18,2025-02-21,P003,Onboard Chargers,98.96,154,15239.84
SUP1,2025-05-16,2025-05-31,2025-06-10,P001,Inverters,32.9,28,921.2
SUP3,2024-09-29,2024-10-07,2024-10-09,P005,Struts,391.64,112,43863.68
SUP1,2024-12-08,2024-12-17,2024-12-26,P005,Struts,362.45,171,61978.95
SUP1,2025-04-23,2025-04-28,2025-05-08,P005,Struts,371.93,191,71038.63
SUP2,2025-02-20,2025-03-03,2025-03-08,P005,Struts,357.06,161,57486.66
SUP2,2024-09-14,2024-09-25,2024-10-02,P004,Shock Absorbers,126.55,145,18349.75
SUP1,2024-09-21,2024-09-23,2024-09-25,P001,Inverters,36.35,69,2508.15
SUP2,2025-05-19,2025-05-27,2025-06-05,P003,Onboard Chargers,116.36,24,2792.64
SUP1,2025-01-19,2025-01-31,2025-02-09,P002,Converters,45.61,115,5245.15
SUP2,2024-09-20,2024-10-05,2024-10-09,P002,Converters,58.52,36,2106.72
SUP3,2025-06-19,2025-06-25,2025-06-29,P003,Onboard Chargers,109.23,108,11796.84
SUP2,2024-10-18,2024-10-26,2024-11-01,P004,Shock Absorbers,158.64,198,31410.72
SUP2,2025-01-30,2025-02-10,2025-02-20,P003,Onboard Chargers,95.8,169,16190.2
SUP3,2024-08-26,2024-08-31,2024-09-10,P003,Onboard Chargers,114.68,76,8715.68
SUP1,2025-07-20,2025-07-30,2025-08-09,P004,Shock Absorbers,168.0,135,22680.0
SUP3,2025-02-17,2025-02-19,2025-02-25,P004,Shock Absorbers,155.37,106,16469.22
SUP3,2025-04-02,2025-04-08,2025-04-09,P004,Shock Absorbers,172.89,177,30601.53
SUP2,2024-11-10,2024-11-15,2024-11-24,P001,Inverters,48.55,180,8739.0
SUP3,2025-04-25,2025-05-07,2025-05-09,P001,Inverters,39.5,119,4700.5
SUP1,2025-07-26,2025-08-08,2025-08-13,P004,Shock Absorbers,145.06,105,15231.3
SUP1,2024-09-13,2024-09-25,2024-10-04,P003,Onboard Chargers,113.14,184,20817.76
SUP1,2024-11-14,2024-11-19,2024-11-23,P004,Shock Absorbers,127.35,163,20758.05
SUP1,2025-03-31,2025-04-13,2025-04-16,P001,Inverters,42.56,163,6937.28
SUP2,2025-02-14,2025-02-15,2025-02-22,P001,Inverters,42.1,35,1473.5
SUP1,2025-04-11,2025-04-13,2025-04-19,P003,Onboard Chargers,98.79,137,13534.23
SUP1,2025-07-19,2025-07-27,2025-08-04,P004,Shock Absorbers,135.61,52,7051.72
SUP3,2025-04-17,2025-04-30,2025-05-03,P003,Onboard Chargers,90.38,116,10484.08
SUP1,2025-05-19,2025-06-02,2025-06-07,P003,Onboard Chargers,96.57,39,3766.23
SUP1,2025-05-18,2025-05-31,2025-06-10,P005,Struts,367.71,187,68761.77
SUP2,2025-07-11,2025-07-14,2025-07-18,P003,Onboard Chargers,95.35,193,18402.55
SUP2,2025-03-18,2025-03-28,2025-04-01,P001,Inverters,43.4,94,4079.6
SUP2,2025-06-02,2025-06-05,2025-06-09,P002,Converters,52.06,86,4477.16
SUP3,2024-11-09,2024-11-17,2024-11-27,P004,Shock Absorbers,172.15,152,26166.8
SUP3,2024-10-06,2024-10-14,2024-10-22,P005,Struts,343.22,39,13385.58
SUP1,2024-12-28,2024-12-30,2025-01-05,P002,Converters,49.75,28,1393.0
SUP3,2025-02-27,2025-03-07,2025-03-10,P002,Converters,51.83,27,1399.41
SUP3,2024-10-10,2024-10-21,2024-10-31,P002,Converters,42.5,150,6375.0
SUP2,2025-01-04,2025-01-17,2025-01-22,P002,Converters,40.29,160,6446.4
SUP2,2025-04-04,2025-04-17,2025-04-23,P004,Shock Absorbers,160.19,153,24509.07
SUP1,2024-08-06,2024-08-07,2024-08-12,P001,Inverters,48.63,37,1799.31
SUP1,2024-10-08,2024-10-14,2024-10-20,P001,Inverters,36.1,163,5884.3
SUP1,2025-07-27,2025-08-04,2025-08-12,P001,Inverters,42.12,34,1432.08
SUP1,2024-11-21,2024-11-24,2024-12-01,P001,Inverters,43.84,153,6707.52
SUP1,2024-10-07,2024-10-15,2024-10-20,P002,Converters,48.55,176,8544.8
SUP3,2025-01-21,2025-02-02,2025-02-12,P002,Converters,51.74,151,7812.74
SUP2,2024-08-14,2024-08-15,2024-08-21,P002,Converters,55.36,93,5148.48
SUP2,2024-10-10,2024-10-21,2024-10-25,P005,Struts,305.16,74,22581.84
SUP2,2025-02-07,2025-02-18,2025-02-27,P002,Converters,43.65,191,8337.15
SUP3,2025-07-23,2025-08-01,2025-08-05,P004,Shock Absorbers,132.66,100,13266.0
SUP3,2025-05-22,2025-06-04,2025-06-05,P002,Converters,41.57,196,8147.72
SUP3,2024-10-13,2024-10-24,2024-10-31,P004,Shock Absorbers,165.53,23,3807.19
SUP3,2024-11-28,2024-12-11,2024-12-18,P001,Inverters,34.51,56,1932.56
SUP3,2024-10-21,2024-10-30,2024-11-03,P003,Onboard Chargers,91.87,143,13137.41
SUP1,2024-10-18,2024-10-23,2024-10-26,P004,Shock Absorbers,130.85,37,4841.45
SUP3,2025-01-24,2025-02-03,2025-02-11,P005,Struts,365.54,174,63603.96
SUP3,2024-10-02,2024-10-06,2024-10-11,P003,Onboard Chargers,112.55,72,8103.6
SUP1,2025-03-10,2025-03-25,2025-04-04,P004,Shock Absorbers,166.16,44,7311.04
SUP1,2024-09-01,2024-09-12,2024-09-19,P004,Shock Absorbers,142.49,146,20803.54
SUP1,2024-09-01,2024-09-07,2024-09-11,P002,Converters,59.51,162,9640.62
SUP3,2025-01-30,2025-02-11,2025-02-15,P001,Inverters,49.45,175,8653.75
SUP3,2025-02-11,2025-02-18,2025-02-26,P002,Converters,55.03,123,6768.69
SUP1,2024-09-21,2024-09-26,2024-10-04,P001,Inverters,31.36,75,2352.0
SUP2,2024-12-20,2024-12-31,2025-01-02,P003,Onboard Chargers,114.97,158,18165.26
SUP1,2025-04-07,2025-04-20,2025-04-22,P004,Shock Absorbers,133.44,155,20683.2
SUP3,2025-03-02,2025-03-12,2025-03-15,P002,Converters,48.08,73,3509.84
SUP3,2025-02-08,2025-02-17,2025-02-20,P004,Shock Absorbers,166.41,158,26292.78
SUP3,2024-09-11,2024-09-14,2024-09-15,P004,Shock Absorbers,144.09,134,19308.06
SUP3,2025-07-10,2025-07-25,2025-07-28,P005,Struts,331.7,184,61032.8
SUP2,2025-02-13,2025-02-20,2025-02-26,P004,Shock Absorbers,145.7,21,3059.7
SUP1,2024-11-12,2024-11-22,2024-11-30,P003,Onboard Chargers,99.8,191,19061.8
SUP1,2025-02-14,2025-02-24,2025-03-06,P004,Shock Absorbers,162.01,37,5994.37
SUP2,2025-06-10,2025-06-21,2025-06-27,P001,Inverters,44.53,128,5699.84
SUP2,2024-09-23,2024-09-28,2024-10-03,P004,Shock Absorbers,132.33,63,8336.79
SUP2,2025-07-24,2025-08-07,2025-08-11,P002,Converters,51.54,123,6339.42
SUP3,2025-04-04,2025-04-11,2025-04-14,P004,Shock Absorbers,142.78,190,27128.2
SUP3,2024-11-19,2024-12-04,2024-12-08,P002,Converters,45.88,181,8304.28
SUP3,2025-06-02,2025-06-04,2025-06-11,P004,Shock Absorbers,158.76,35,5556.6
SUP2,2024-11-20,2024-11-24,2024-11-25,P002,Converters,56.29,65,3658.85
SUP3,2024-09-11,2024-09-13,2024-09-20,P005,Struts,356.79,92,32824.68
SUP1,2025-07-16,2025-07-30,2025-07-31,P003,Onboard Chargers,101.15,31,3135.65
SUP1,2024-10-05,2024-10-18,2024-10-20,P003,Onboard Chargers,110.47,52,5744.44
SUP1,2024-09-30,2024-10-13,2024-10-17,P003,Onboard Chargers,108.61,103,11186.83
SUP2,2024-08-01,2024-08-13,2024-08-14,P004,Shock Absorbers,174.06,185,32201.1
SUP2,2024-09-23,2024-09-30,2024-10-09,P001,Inverters,36.12,142,5129.04
SUP2,2024-08-21,2024-08-23,2024-08-29,P001,Inverters,43.89,179,7856.31
SUP2,2025-07-27,2025-08-09,2025-08-10,P005,Struts,334.01,83,27722.83
SUP3,2024-10-07,2024-10-21,2024-10-22,P004,Shock Absorbers,132.97,107,14227.79
SUP2,2024-08-14,2024-08-25,2024-08-31,P002,Converters,54.88,122,6695.36
SUP1,2025-05-15,2025-05-16,2025-05-20,P004,Shock Absorbers,137.19,38,5213.22
SUP2,2025-06-05,2025-06-14,2025-06-18,P004,Shock Absorbers,166.25,163,27098.75
SUP2,2025-03-18,2025-03-19,2025-03-25,P004,Shock Absorbers,142.03,118,16759.54
SUP3,2025-04-30,2025-05-08,2025-05-15,P002,Converters,50.66,199,10081.34
SUP3,2025-06-29,2025-07-14,2025-07-23,P004,Shock Absorbers,160.12,186,29782.32
SUP2,2025-04-05,2025-04-07,2025-04-17,P004,Shock Absorbers,156.1,152,23727.2
SUP3,2025-07-10,2025-07-22,2025-07-27,P003,Onboard Chargers,97.32,85,8272.2
SUP1,2024-08-11,2024-08-19,2024-08-28,P002,Converters,40.54,162,6567.48
SUP2,2024-08-31,2024-09-13,2024-09-17,P005,Struts,340.36,94,31993.84
SUP2,2025-02-11,2025-02-14,2025-02-24,P003,Onboard Chargers,113.87,37,4213.19
SUP2,2025-06-19,2025-06-25,2025-06-27,P004,Shock Absorbers,140.08,48,6723.84
SUP2,2024-09-25,2024-09-28,2024-10-01,P001,Inverters,33.07,40,1322.8
SUP2,2025-03-08,2025-03-22,2025-03-23,P001,Inverters,40.45,94,3802.3
SUP2,2024-11-10,2024-11-17,2024-11-23,P002,Converters,45.8,133,6091.4
SUP3,2024-09-01,2024-09-11,2024-09-17,P001,Inverters,46.86,136,6372.96
SUP3,2024-11-17,2024-11-26,2024-11-27,P002,Converters,51.79,180,9322.2
SUP3,2025-04-07,2025-04-09,2025-04-12,P001,Inverters,36.85,197,7259.45
SUP1,2024-08-12,2024-08-27,2024-09-01,P003,Onboard Chargers,96.66,85,8216.1
SUP2,2024-12-28,2025-01-09,2025-01-12,P005,Struts,346.67,149,51653.83
SUP2,2025-05-11,2025-05-23,2025-06-02,P003,Onboard Chargers,118.55,183,21694.65
SUP1,2025-01-01,2025-01-16,2025-01-19,P001,Inverters,44.43,164,7286.52
SUP2,2025-02-18,2025-03-04,2025-03-14,P002,Converters,48.71,37,1802.27
SUP1,2024-12-03,2024-12-08,2024-12-11,P001,Inverters,42.16,107,4511.12
SUP3,2024-12-03,2024-12-16,2024-12-21,P003,Onboard Chargers,100.27,93,9325.11
SUP3,2025-07-27,2025-08-02,2025-08-07,P002,Converters,49.94,128,6392.32
SUP3,2024-12-07,2024-12-11,2024-12-15,P003,Onboard Chargers,107.84,26,2803.84
SUP3,2024-11-08,2024-11-12,2024-11-13,P003,Onboard Chargers,118.92,153,18194.76
SUP1,2025-04-13,2025-04-17,2025-04-22,P002,Converters,48.35,124,5995.4
SUP3,2024-08-13,2024-08-15,2024-08-25,P003,Onboard Chargers,92.84,49,4549.16
SUP2,2025-06-16,2025-06-20,2025-06-25,P002,Converters,40.3,87,3506.1